,Nome do Pregão,Código,Denominação Social,Segmento de Mercado,Tipo de Capital,Capital R$,Aprovado em,Qtde Ações Ordinárias,Qtde Ações Preferenciais,Qtde Total de Ações
0,524 PARTICIP,QVQP,524 PARTICIPACOES S.A.,SOMA,Homologado,584.90466,07/02/2019,206.261.901,0,206.261.901
1,ABC BRASIL,ABCB,BCO ABC BRASIL S.A.,BOVESPA NIVEL 2,Homologado,2.565.891.16397,17/04/2019,109.496.432,108.862.625,218.359.057
2,ACO ALTONA,EALT,ELECTRO ACO ALTONA S.A.,BOLSA,Homologado,39.539.54300,26/04/2018,9.750.000,12.750.000,22.500.000
3,ADVANCED-DH,ADHM,ADVANCED DIGITAL HEALTH MEDICINA PREVENTIVA S.A.,BOLSA,Homologado,33.860.22884,20/01/2017,7.562.598,0,7.562.598
4,,,,,Subscrito,22.810.51700,29/01/2020,10.943.823,0,10.943.823
5,AES SUL,AESL,RGE SUL DISTRIBUIDORA DE ENERGIA S.A.,BOLSA,Homologado,2.809.820.33683,31/12/2018,1.125.427,0,1.125.427
6,AES TIETE E,TIET,AES TIETE ENERGIA SA,BOVESPA NIVEL 2,Homologado,474.607.39055,07/08/2019,786.265.136,1.209.267.480,1.995.532.616
7,AFLUENTE T,AFLT,AFLUENTE TRANSMISSÃO DE ENERGIA ELÉTRICA S/A,BOLSA,Homologado,33.084.70000,07/04/2017,63.084.700,0,63.084.700
8,ALEF S/A,ALEF,ALEF S.A.,SOMA,Homologado,1.951.00000,07/02/2019,98.674.000,0,98.674.000
9,ALFA CONSORC,BRGE,CONSORCIO ALFA DE ADMINISTRACAO S.A.,BOLSA,Homologado,427.154.00000,25/04/2019,40.394.932,33.251.456,73.646.388
10,ALFA FINANC,CRIV,FINANCEIRA ALFA S.A.- CRED FINANC E INVS,BOLSA,Homologado,448.030.00000,25/04/2019,58.736.269,44.206.287,102.942.556
11,ALFA HOLDING,RPAD,ALFA HOLDINGS S.A.,BOLSA,Homologado,369.202.00000,25/04/2019,46.011.632,38.670.637,84.682.269
12,ALFA INVEST,BRIV,BCO ALFA DE INVESTIMENTO S.A.,BOLSA,Homologado,697.200.00000,25/04/2019,53.482.129,35.118.455,88.600.584
13,ALGAR TELEC,ALGT,ALGAR TELECOM S/A,BOLSA,Homologado,826.831.18518,20/09/2018,295.019.806,0,295.019.806
14,ALIANSCSONAE,ALSO,ALIANSCE SONAE SHOPPING CENTERS S.A.,NOVO MERCADO,Homologado,4.190.769.24400,05/12/2019,265.772.778,0,265.772.778
15,ALIPERTI,APTI,SIDERURGICA J. L. ALIPERTI S.A.,BOLSA,Homologado,48.964.00000,29/04/2016,6.250,12.345,18.595
16,ALL NORTE,FRRN,RUMO MALHA NORTE S.A.,SOMA,Homologado,2.461.503.46795,19/12/2016,1.107.698.070,81.714.293,1.189.412.363
17,ALL PAULISTA,GASC,RUMO MALHA PAULISTA S.A.,SOMA,Homologado,1.747.361.52433,15/03/2016,31.878.842.237,58.947.782.010,90.826.624.247
18,ALLIAR,AALR,CENTRO DE IMAGEM DIAGNOSTICOS S.A.,NOVO MERCADO,Homologado,635.371.97099,08/05/2017,118.292.816,0,118.292.816
19,ALPARGATAS,ALPA,ALPARGATAS S.A.,BOVESPA NIVEL 1,Homologado,1.500.000.00000,20/03/2019,302.010.689,286.051.533,588.062.222
20,ALPER S.A.,APER,ALPER CONSULTORIA E CORRETORA DE SEGUROS S.A.,NOVO MERCADO,Homologado,240.358.02263,17/12/2019,11.480.134,0,11.480.134
21,ALTERE SEC,ALTR,ALTERE SECURITIZADORA S.A.,BOLSA,Homologado,1.037.02167,03/01/2017,36.218.984,0,36.218.984
22,ALUPAR,ALUP,ALUPAR INVESTIMENTO S/A,BOVESPA NIVEL 2,Homologado,2.981.995.69000,15/05/2017,596.955.970,282.155.299,879.111.269
23,AMAZONIA,BAZA,BCO AMAZONIA S.A.,BOLSA,Homologado,1.623.251.78569,07/03/2016,29.645.967,0,29.645.967
24,AMBEV S/A,ABEV,AMBEV S.A.,BOLSA,Homologado,57.866.759.11730,09/10/2019,15.733.575.289,0,15.733.575.289
25,AMPLA ENERG,CBEE,AMPLA ENERGIA E SERVICOS S.A.,BOLSA,Homologado,2.498.230.38665,20/12/2017,166.634.326,0,166.634.326
26,ANIMA,ANIM,ANIMA HOLDING S.A.,NOVO MERCADO,Homologado,1.631.624.30872,29/01/2020,110.559.237,0,110.559.237
27,AREZZO CO,ARZZ,AREZZO INDÚSTRIA E COMÉRCIO S.A.,NOVO MERCADO,Homologado,352.714.86096,27/05/2019,90.954.280,0,90.954.280
28,ATOMPAR,ATOM,ATOM EMPREENDIMENTOS E PARTICIPAÇÕES S.A.,BOLSA,Homologado,235.691.42578,23/06/2016,20.898.994,0,20.898.994
29,AUTOBAN,ANHB,CONC SIST ANHANG-BANDEIRANT S.A. AUTOBAN,BOLSA,Homologado,246.750.00000,30/08/2012,175.000.000,0,175.000.000
30,AZEVEDO,AZEV,AZEVEDO E TRAVASSOS S.A.,BOLSA,Homologado,28.047.13715,08/05/2019,1.800.000,3.600.000,5.400.000
31,AZUL,AZUL,AZUL S.A.,BOVESPA NIVEL 2,Homologado,2.240.592.15082,05/11/2019,928.965.058,329.359.720,1.258.324.778
32,B2W DIGITAL,BTOW,B2W - COMPANHIA DIGITAL,NOVO MERCADO,Homologado,8.289.557.64495,22/01/2020,523.229.262,0,523.229.262
33,B3,B3SA,"B3 S.A. - BRASIL, BOLSA, BALCÃO",NOVO MERCADO,Homologado,3.548.655.56388,14/12/2018,2.059.138.490,0,2.059.138.490
34,BAHEMA,BAHI,BAHEMA EDUCAÇÃO S.A.,MAIS,Homologado,130.267.24399,28/10/2019,2.219.359,0,2.219.359
35,BANCO BMG,BMGB,BANCO BMG S.A.,BOVESPA NIVEL 1,Homologado,3.742.570.62089,01/11/2019,400.007.354,203.448.277,603.455.631
36,BANCO INTER,BIDI,BANCO INTER S.A.,BOVESPA NIVEL 2,Homologado,2.116.006.17858,16/12/2019,365.244.096,339.939.438,705.183.534
37,BANCO PAN,BPAN,BCO PAN S.A.,BOVESPA NIVEL 1,Homologado,4.175.222.12146,15/01/2020,657.560.635,547.495.486,1.205.056.121
38,BANESE,BGIP,BCO ESTADO DE SERGIPE S.A. - BANESE,BOLSA,Homologado,348.000.00000,17/09/2018,7.642.545,7.642.545,15.285.090
39,BANESTES,BEES,BANESTES S.A. - BCO EST ESPIRITO SANTO,BOLSA,Homologado,1.295.000.00000,18/10/2019,231.355.460,84.557.400,315.912.860
40,BANPARA,BPAR,BCO ESTADO DO PARA S.A.,BOLSA,Homologado,1.171.043.43376,13/08/2019,9.521.649,0,9.521.649
41,BANRISUL,BRSR,BCO ESTADO DO RIO GRANDE DO SUL S.A.,BOVESPA NIVEL 1,Homologado,5.200.000.00000,08/10/2019,205.064.841,203.909.636,408.974.477
42,BARDELLA,BDLL,BARDELLA S.A. INDUSTRIAS MECANICAS,BOLSA,Homologado,116.800.00000,23/04/2001,607.192,992.808,1.600.000
43,BATTISTELLA,BTTL,BATTISTELLA ADM PARTICIPACOES S.A.,BOLSA,Homologado,45.000.00000,23/10/2019,14.860.568,0,14.860.568
44,BAUMER,BALM,BAUMER S.A.,BOLSA,Homologado,15.000.00000,30/04/2014,4.900.000,4.900.000,9.800.000
45,BBMLOGISTICA,BBML,BBM LOGISTICA S.A.,MAIS,Homologado,102.489.37600,17/12/2019,40.760.818,0,40.760.818
46,BBSEGURIDADE,BBSE,BB SEGURIDADE PARTICIPAÇÕES S.A.,NOVO MERCADO,Homologado,3.396.767.12493,30/10/2019,2.000.000.000,0,2.000.000.000
47,BETA SECURIT,BTSC,BETA SECURITIZADORA S.A.,BOLSA,Homologado,3.222.65500,13/05/2015,10.995.705,0,10.995.705
48,BETAPART,BETP,BETAPART PARTICIPACOES S.A.,SOMA,Homologado,726.20262,28/04/2014,2.761.620,0,2.761.620
49,BIC MONARK,BMKS,BICICLETAS MONARK S.A.,BOLSA,Homologado,133.009.84912,27/04/2007,454.750,0,454.750
50,BIOMM,BIOM,BIOMM S.A.,MAIS,Homologado,388.538.31292,13/12/2019,60.759.988,0,60.759.988
51,BIOSEV,BSEV,BIOSEV S.A.,NOVO MERCADO,Homologado,6.077.674.10373,12/06/2018,1.020.429.426,0,1.020.429.426
52,BK BRASIL,BKBR,BK BRASIL OPERAÇÃO E ASSESSORIA A RESTAURANTES SA,NOVO MERCADO,Homologado,950.768.41741,01/07/2019,228.105.447,0,228.105.447
53,BNDESPAR,BNDP,BNDES PARTICIPACOES S.A. - BNDESPAR,SOMA,Homologado,60.344.503.78065,31/12/2016,1,0,1
54,BOMBRIL,BOBR,BOMBRIL S.A.,BOLSA,Homologado,879.784.95567,14/11/2019,137.615.317,122.894.462,260.509.779
55,BR BROKERS,BBRK,BRASIL BROKERS PARTICIPACOES S.A.,NOVO MERCADO,Homologado,653.895.83530,16/08/2018,36.278.303,0,36.278.303
56,BR MALLS PAR,BRML,BR MALLS PARTICIPACOES S.A.,NOVO MERCADO,Homologado,10.404.890.61548,22/03/2019,872.728.028,0,872.728.028
57,BR PROPERT,BRPR,BR PROPERTIES S.A.,NOVO MERCADO,Homologado,4.369.144.12479,21/11/2019,491.510.283,0,491.510.283
58,BRAD IMA-B,IMBB,ETF BRADESCO IMA-B FUNDO DE ÍNDICE,BOLSA,Homologado,100,27/11/2019,0,8.400.000,8.400.000
59,BRAD IMA-B5M,B5MB,ETF BRADESCO IMA-B5 FUNDO DE ÍNDICE,BOLSA,Homologado,100,28/11/2019,0,1.500.000,1.500.000
60,BRADESCO,BBDC,BCO BRADESCO S.A.,BOVESPA NIVEL 1,Homologado,75.100.000.00000,11/03/2019,4.031.915.068,4.031.914.646,8.063.829.714
61,BRADESCO LSG,BDLS,BRADESCO LEASING S.A. ARREND MERCANTIL,BOLSA,Homologado,2.312.267.29129,07/10/2016,23.585,0,23.585
62,BRADESPAR,BRAP,BRADESPAR S.A.,BOVESPA NIVEL 1,Homologado,4.100.000.00000,27/04/2018,122.171.449,225.862.596,348.034.045
63,BRASIL,BBAS,BCO BRASIL S.A.,NOVO MERCADO,Homologado,67.000.000.00000,28/04/2016,2.865.417.020,0,2.865.417.020
64,BRASILAGRO,AGRO,BRASILAGRO - CIA BRAS DE PROP AGRICOLAS,NOVO MERCADO,Homologado,699.810.57679,23/12/2019,62.104.301,0,62.104.301
65,BRASKEM,BRKM,BRASKEM S.A.,BOVESPA NIVEL 1,Homologado,8.043.222.08050,16/10/2018,451.668.652,345.549.902,797.218.554
66,BRAZIL REALT,BZRS,BRAZIL REALTY CIA SECURIT. CRÉD. IMOBILIÁRIOS,BOLSA,Homologado,614.87900,25/06/2019,614.879,0,614.879
67,BRAZILIAN FR,BFRE,BRAZILIAN FINANCE E REAL ESTATE S.A.,BOLSA,Homologado,107.661.78469,30/12/2014,239,478,717
68,BRAZILIAN SC,BSCS,BRAZILIAN SECURITIES CIA SECURITIZACAO,BOLSA,Homologado,174.201.38767,02/10/2015,77.864.966,0,77.864.966
69,BRB BANCO,BSLI,BRB BCO DE BRASILIA S.A.,BOLSA,Homologado,900.000.00000,24/06/2015,28.014.650,8.290.000,36.304.650
70,BRC SECURIT,BRCS,BRC SECURITIZADORA S.A.,BOLSA,Homologado,453.44000,30/04/2009,453.440,0,453.440
71,BRF SA,BRFS,BRF S.A.,NOVO MERCADO,Homologado,12.553.417.95336,25/02/2016,812.473.246,0,812.473.246
72,BRPR 56 SEC,WTVR,BRPR 56 SECURITIZADORA CRED IMOB S.A.,BOLSA,Homologado,3.983.64161,31/12/2019,388.374,0,388.374
73,BRQ,BRQB,BRQ SOLUCOES EM INFORMATICA S.A.,MAIS,Homologado,54.848.99330,09/05/2017,130.724.698,0,130.724.698
74,BTGP BANCO,BPAC,BCO BTG PACTUAL S.A.,BOVESPA NIVEL 2,Homologado,7.392.092.40836,03/10/2018,1.731.276.922,905.959.650,2.637.236.572
75,BV LEASING,BVLS,BV LEASING - ARRENDAMENTO MERCANTIL S.A.,BOLSA,Homologado,932.511.79201,30/04/2017,510.404,0,510.404
76,CABINDA PART,CABI,CABINDA PARTICIPACOES S.A.,SOMA,Homologado,885.80985,06/07/2016,2.368.000,4.736.000,7.104.000
77,CACHOEIRA,CPTE,CACHOEIRA PAULISTA TRANSMISSORA ENERGIA S.A.,SOMA,Homologado,76.281.11100,06/07/2018,76.281.111,0,76.281.111
78,CACONDE PART,CACO,CACONDE PARTICIPACOES S.A.,SOMA,Homologado,850.10600,20/06/2016,613.211,1.226.542,1.839.753
79,CAMBUCI,CAMB,CAMBUCI S.A.,BOLSA,Homologado,45.538.98519,13/11/2019,41.980.080,0,41.980.080
80,CAMIL,CAML,CAMIL ALIMENTOS S.A.,NOVO MERCADO,Homologado,950.373.78963,21/11/2019,370.000.000,0,370.000.000
81,CAPITALPART,CPTP,CAPITALPART PARTICIPACOES S.A.,SOMA,Homologado,5.159.75503,29/04/2016,143.243,0,143.243
82,CARREFOUR BR,CRFB,ATACADÃO S.A.,NOVO MERCADO,Homologado,7.636.368.47026,06/11/2019,1.984.142.773,0,1.984.142.773
83,CASAN,CASN,CIA CATARINENSE DE AGUAS E SANEAM.-CASAN,BOLSA,Homologado,842.266.63782,11/11/2011,357.547.216,357.547.216,715.094.432
84,CCR SA,CCRO,CCR S.A.,NOVO MERCADO,Homologado,6.126.100.23054,09/02/2017,2.020.000.000,0,2.020.000.000
85,CEA MODAS,CEAB,CEA MODAS S.A.,NOVO MERCADO,Homologado,1.849.418.62400,24/10/2019,308.245.068,0,308.245.068
86,CEB,CEBR,CIA ENERGETICA DE BRASILIA,BOLSA,Homologado,566.025.35562,23/09/2015,7.184.178,7.232.205,14.416.383
87,CEDRO,CEDO,CIA FIACAO TECIDOS CEDRO CACHOEIRA,BOVESPA NIVEL 1,Homologado,150.000.00000,29/04/2011,5.707.104,4.292.896,10.000.000
88,CEEE-D,CEED,CIA ESTADUAL DE DISTRIB ENER ELET-CEEE-D,BOVESPA NIVEL 1,Homologado,23.702.96215,29/04/2016,9.516.732,164.014,9.680.746
89,CEEE-GT,EEEL,CIA ESTADUAL GER.TRANS.ENER.ELET-CEEE-GT,BOVESPA NIVEL 1,Homologado,915.632.41067,27/04/2018,9.516.732,164.014,9.680.746
90,CEG,CEGR,CIA DISTRIB DE GAS DO RIO DE JANEIRO-CEG,BOLSA,Homologado,644.459.81632,27/04/2018,259.637.732,0,259.637.732
91,CELESC,CLSC,CENTRAIS ELET DE SANTA CATARINA S.A.,BOVESPA NIVEL 2,Homologado,1.340.000.00000,30/04/2015,15.527.137,23.044.454,38.571.591
92,CELGPAR,GPAR,CIA CELG DE PARTICIPACOES - CELGPAR,BOLSA,Homologado,973.764.33753,21/12/2010,32.774.246,0,32.774.246
93,,,,,Subscrito,2.786.464.87743,03/12/2019,45.154.186,0,45.154.186
94,CELPE,CEPE,CIA ENERGETICA DE PERNAMBUCO - CELPE,BOLSA,Homologado,663.177.69334,22/02/2017,66.302.693,8.309.695,74.612.388
95,CELUL IRANI,RANI,IRANI PAPEL E EMBALAGEM S.A.,BOLSA,Homologado,161.894.84781,23/04/2015,153.909.975,12.810.260,166.720.235
96,CEMEPE,MAPT,CEMEPE INVESTIMENTOS S.A.,BOLSA,Homologado,23.550.36668,16/11/2015,454.455,464.440,918.895
97,CEMIG,CMIG,CIA ENERGETICA DE MINAS GERAIS - CEMIG,BOVESPA NIVEL 1,Homologado,7.293.763.00500,23/04/2018,487.614.213,971.138.388,1.458.752.601
98,CEMIG DIST,CMGD,CEMIG DISTRIBUICAO S.A.,BOLSA,Homologado,5.731.997.78764,07/08/2019,2.359.113.452,0,2.359.113.452
99,CEMIG GT,CMGT,CEMIG GERACAO E TRANSMISSAO S.A.,BOLSA,Homologado,2.600.000.00000,18/09/2018,2.896.785.358,0,2.896.785.358
100,CENTAURO,CNTO,GRUPO SBF SA,NOVO MERCADO,Homologado,1.010.669.01280,17/05/2019,210.140.608,0,210.140.608
101,CEPAC - CTBA,CTBA,PREFEITURA MUNICIPAL DE CURITIBA,SOMA,Homologado,100,26/06/2012,0,141.588,141.588
102,CEPAC - MCRJ,MCRJ,MUNICÍPIO DO RIO DE JANEIRO,SOMA,Homologado,100,04/01/2011,0,26.086,26.086
103,CEPAC - PMSP,PMSP,PREFEITURA MUNICIPAL DE SAO PAULO,SOMA,Homologado,100,30/11/2006,0,175.730,175.730
104,CESP,CESP,CESP - CIA ENERGETICA DE SAO PAULO,BOVESPA NIVEL 1,Homologado,5.975.433.45443,27/04/2018,109.167.801,218.334.872,327.502.673
105,CIA HERING,HGTX,CIA HERING,NOVO MERCADO,Homologado,381.165.81677,30/08/2019,162.533.937,0,162.533.937
106,CIELO,CIEL,CIELO S.A.,NOVO MERCADO,Homologado,5.700.000.00000,20/04/2018,2.716.815.061,0,2.716.815.061
107,CIMS,CMSA,CIMS S.A.,BOLSA,Homologado,1.778.85569,31/01/2019,10.317.616,20.635.072,30.952.688
108,CINESYSTEM,CNSY,CINESYSTEM S.A.,MAIS,Homologado,57.648.89412,10/09/2018,30.969.063,0,30.969.063
109,COELBA,CEEB,CIA ELETRICIDADE EST. DA BAHIA - COELBA,BOLSA,Homologado,2.988.161.79923,27/07/2018,151.997.609,110.098.478,262.096.087
110,COELCE,COCE,CIA ENERGETICA DO CEARA - COELCE,BOLSA,Homologado,808.246.88577,29/04/2019,48.067.937,29.787.362,77.855.299
111,COGNA ON,COGN,COGNA EDUCAÇÃO S.A.,NOVO MERCADO,Homologado,7.667.615.40290,11/02/2020,1.876.606.210,0,1.876.606.210
112,COMGAS,CGAS,CIA GAS DE SAO PAULO - COMGAS,BOLSA,Homologado,536.315.49302,01/07/2019,103.862.768,28.657.819,132.520.587
113,CONC RAPOSO,RPTA,CONC AUTO RAPOSO TAVARES S.A.,BOLSA,Homologado,1.560.500.00000,15/04/2016,3.432.069.431,3.432.069.431,6.864.138.862
114,CONC RIO TER,CRTE,CONC RIO-TERESOPOLIS S.A.,SOMA,Homologado,95.000.00000,26/04/2019,48.786,37.680,86.466
115,CONST A LIND,CALI,CONSTRUTORA ADOLPHO LINDENBERG S.A.,BOLSA,Homologado,12.000.00000,31/03/2015,124.040,248.079,372.119
116,COPASA,CSMG,CIA SANEAMENTO DE MINAS GERAIS-COPASA MG,NOVO MERCADO,Homologado,3.402.385.60947,13/09/2016,126.751.023,0,126.751.023
117,COPEL,CPLE,CIA PARANAENSE DE ENERGIA - COPEL,BOVESPA NIVEL 1,Homologado,10.800.000.00000,04/12/2019,145.031.080,128.624.295,273.655.375
118,COR RIBEIRO,CORR,CORREA RIBEIRO S.A. COMERCIO E INDUSTRIA,BOLSA,Homologado,1.423.54158,27/04/2011,7.815,15.338,23.153
119,COSAN,CSAN,COSAN S.A.,NOVO MERCADO,Homologado,5.045.213.57381,24/10/2019,394.210.000,0,394.210.000
120,COSAN LOG,RLOG,COSAN LOGISTICA S.A.,NOVO MERCADO,Homologado,2.284.892.53869,24/11/2017,463.224.241,0,463.224.241
121,COSERN,CSRN,CIA ENERGETICA DO RIO GDE NORTE - COSERN,BOLSA,Homologado,542.339.23613,14/03/2017,129.746.219,38.327.809,168.074.028
122,COTEMINAS,CTNM,CIA TECIDOS NORTE DE MINAS COTEMINAS,BOLSA,Homologado,882.235.69800,04/09/2015,13.912.800,16.723.657,30.636.457
123,CPFL ENERGIA,CPFE,CPFL ENERGIA S.A.,NOVO MERCADO,Homologado,9.435.625.75975,27/06/2019,1.152.254.440,0,1.152.254.440
124,CPFL GERACAO,CPFG,CPFL GERACAO DE ENERGIA S.A.,BOLSA,Homologado,1.043.921.53884,20/01/2016,68.500.208.756,136.991.810.529,205.492.019.285
125,CPFL PIRATIN,CPFP,CIA PIRATININGA DE FORCA E LUZ,BOLSA,Homologado,249.320.57783,29/04/2019,53.096.770.180,0,53.096.770.180
126,CPFL RENOVAV,CPRE,CPFL ENERGIAS RENOVÁVEIS S.A.,NOVO MERCADO,Homologado,3.698.059.78744,04/06/2019,521.315.091,0,521.315.091
127,CR2,CRDE,CR2 EMPREENDIMENTOS IMOBILIARIOS S.A.,NOVO MERCADO,Homologado,166.990.64291,29/04/2019,2.422.153,0,2.422.153
128,CRISTAL,CRPG,TRONOX PIGMENTOS DO BRASIL S.A.,BOLSA,Homologado,206.929.10441,29/04/2019,10.158.398,18.860.349,29.018.747
129,CSU CARDSYST,CARD,CSU CARDSYSTEM S.A.,NOVO MERCADO,Homologado,129.231.84961,14/03/2014,41.800.000,0,41.800.000
130,CTC S.A.,CTCA,CTC - CENTRO DE TECNOLOGIA CANAVIEIRA S.A.,MAIS,Homologado,562.203.30912,06/02/2019,801.870,0,801.870
131,CVC BRASIL,CVCB,CVC BRASIL OPERADORA E AGÊNCIA DE VIAGENS S.A.,NOVO MERCADO,Homologado,664.977.82217,04/02/2020,149.328.579,0,149.328.579
132,CYRE COM-CCP,CCPR,CYRELA COMMERCIAL PROPERT S.A. EMPR PART,NOVO MERCADO,Homologado,1.663.313.37147,29/11/2019,165.113.612,0,165.113.612
133,CYRELA REALT,CYRE,CYRELA BRAZIL REALTY S.A.EMPREEND E PART,NOVO MERCADO,Homologado,3.395.744.52460,28/04/2016,399.742.799,0,399.742.799
134,DASA,DASA,DIAGNOSTICOS DA AMERICA S.A.,BOLSA,Homologado,12.326.705.99153,23/01/2020,480.813.758,0,480.813.758
135,DIBENS LSG,DBEN,DIBENS LEASING S.A. - ARREND.MERCANTIL,BOLSA,Homologado,2.414.967.79712,27/04/2018,1.504.996.693,0,1.504.996.693
136,DIMED,PNVL,DIMED S.A. DISTRIBUIDORA DE MEDICAMENTOS,BOLSA,Homologado,410.000.00000,26/04/2019,4.066.490,449.523,4.516.013
137,DIRECIONAL,DIRR,DIRECIONAL ENGENHARIA S.A.,NOVO MERCADO,Homologado,752.982.39980,07/05/2015,153.398.749,0,153.398.749
138,DOHLER,DOHL,DOHLER S.A.,BOLSA,Homologado,180.000.00000,25/04/2014,43.574.256,16.941.972,60.516.228
139,DOMMO,DMMO,DOMMO ENERGIA S.A.,BOLSA,Homologado,412.399.05278,30/04/2019,270.040.228,0,270.040.228
140,DTCOM-DIRECT,DTCY,DTCOM - DIRECT TO COMPANY S.A.,BOLSA,Homologado,55.090.14256,17/05/2016,7.338.756,450.655,7.789.411
141,DURATEX,DTEX,DURATEX S.A.,NOVO MERCADO,Homologado,1.970.188.62680,26/04/2016,691.784.501,0,691.784.501
142,EBE,EBEN,EDP SÃO PAULO DISTRIBUIÇÃO DE ENERGIA S.A.,BOLSA,Homologado,596.669.10723,04/01/2016,39.091.735.037,0,39.091.735.037
143,ECO SEC AGRO,ECOA,ECO SECURITIZADORA DIREITOS CRED AGRONEGÓCIO S.A.,SOMA,Homologado,299.00000,30/04/2014,100.000,0,100.000
144,ECON,ERDV,ECORODOVIAS CONCESSÕES E SERVIÇOS S.A.,BOLSA,Homologado,736.714.53700,27/12/2019,736.714.537,0,736.714.537
145,ECONORTE,ECNT,EMPRESA CONC RODOV DO NORTE S.A.ECONORTE,BOLSA,Homologado,79.200.00111,14/06/2018,18.928.597,0,18.928.597
146,ECOPISTAS,ASCP,CONC ROD AYRTON SENNA E CARV PINTO S.A.-ECOPISTAS,BOLSA,Homologado,496.454.98700,21/12/2018,496.454.987,0,496.454.987
147,ECORODOVIAS,ECOR,ECORODOVIAS INFRAESTRUTURA E LOGÍSTICA S.A.,NOVO MERCADO,Homologado,381.050.10407,12/09/2016,558.699.080,0,558.699.080
148,ECOVIAS,ECOV,CONC ECOVIAS IMIGRANTES S.A.,BOLSA,Homologado,302.547.00000,28/11/2006,262.452.000,0,262.452.000
149,ELEKEIROZ,ELEK,ELEKEIROZ S.A.,BOLSA,Homologado,103.057.07040,11/04/2017,14.518.150,16.967.020,31.485.170
150,ELEKTRO,EKTR,ELEKTRO REDES S.A.,BOLSA,Homologado,952.491.95014,31/03/2008,91.880.972,101.878.293,193.759.265
151,ELETROBRAS,ELET,CENTRAIS ELET BRAS S.A. - ELETROBRAS,BOVESPA NIVEL 1,Homologado,39.057.271.54652,17/02/2020,1.288.842.596,280.088.314,1.568.930.910
152,ELETROPAR,LIPR,ELETROBRÁS PARTICIPAÇÕES S.A. - ELETROPAR,BOLSA,Homologado,118.054.88748,25/08/2010,11.764.889,0,11.764.889
153,ELETROPAULO,ELPL,ELETROPAULO METROP. ELET. SAO PAULO S.A.,BOLSA,Homologado,3.079.524.93433,30/12/2019,197.466.862,0,197.466.862
154,EMAE,EMAE,EMAE - EMPRESA METROP.AGUAS ENERGIA S.A.,BOLSA,Homologado,285.411.30835,26/07/2007,14.705.370,22.241.714,36.947.084
155,EMBRAER,EMBR,EMBRAER S.A.,NOVO MERCADO,Homologado,5.159.617.05242,05/03/2018,740.465.044,0,740.465.044
156,ENAUTA PART,ENAT,ENAUTA PARTICIPAÇÕES S.A.,NOVO MERCADO,Homologado,2.135.496.10382,02/03/2011,265.806.905,0,265.806.905
157,ENCORPAR,ECPR,EMPRESA NAC COM REDITO PART S.A.ENCORPAR,BOLSA,Homologado,78.566.78737,30/06/2017,1.026.245,873.819,1.900.064
158,ENERGIAS BR,ENBR,EDP - ENERGIAS DO BRASIL S.A.,NOVO MERCADO,Homologado,4.682.715.94712,08/07/2016,606.850.394,0,606.850.394
159,ENERGISA,ENGI,ENERGISA S.A.,BOVESPA NIVEL 2,Homologado,3.363.684.35535,17/12/2018,755.993.938,1.058.567.972,1.814.561.910
160,ENERGISA MT,ENMT,ENERGISA MATO GROSSO-DISTRIBUIDORA DE ENERGIA S/A,BOLSA,Homologado,1.514.569.35723,28/04/2017,73.478.111,139.432.535,212.910.646
161,ENERSUL,ENER,ENERGISA MATO GROSSO DO SUL - DIST DE ENERGIA S.A.,BOLSA,Homologado,616.732.72762,27/04/2016,647.015,0,647.015
162,ENEVA,ENEV,ENEVA S.A,NOVO MERCADO,Homologado,8.875.693.32104,14/11/2019,315.483.181,0,315.483.181
163,ENGIE BRASIL,EGIE,ENGIE BRASIL ENERGIA S.A.,NOVO MERCADO,Homologado,4.902.647.71037,07/12/2018,815.927.740,0,815.927.740
164,EQTL PARA,EQPA,EQUATORIAL PARA DISTRIBUIDORA DE ENERGIA S.A.,BOLSA,Homologado,1.624.458.97918,29/04/2019,2.204.620.569,4.453.438,2.209.074.007
165,EQTLMARANHAO,EQMA,EQUATORIAL MARANHÃO DISTRIBUIDORA DE ENERGIA S.A.,SOMA,Homologado,1.312.534.48595,30/04/2019,161.318.939,2.864.960,164.183.899
166,EQUATORIAL,EQTL,EQUATORIAL ENERGIA S.A.,NOVO MERCADO,Homologado,2.776.356.67956,27/11/2019,1.010.186.085,0,1.010.186.085
167,ESCELSA,ESCE,EDP ESPIRITO SANTO DISTRIBUIÇÃO DE ENERGIA S.A.,BOLSA,Homologado,650.572.40340,04/01/2016,5.876.012,0,5.876.012
168,ESTRELA,ESTR,MANUFATURA DE BRINQUEDOS ESTRELA S.A.,BOLSA,Homologado,30.602.18656,27/04/2017,269.450,538.900,808.350
169,ETERNIT,ETER,ETERNIT S.A.,NOVO MERCADO,Homologado,338.966.87968,20/09/2019,31.773.929,0,31.773.929
170,EUCATEX,EUCA,EUCATEX S.A. INDUSTRIA E COMERCIO,BOVESPA NIVEL 1,Homologado,488.183.37877,26/07/2007,31.257.700,61.361.556,92.619.256
171,EVEN,EVEN,EVEN CONSTRUTORA E INCORPORADORA S.A.,NOVO MERCADO,Homologado,1.683.266.38950,27/09/2018,217.000.000,0,217.000.000
172,EXCELSIOR,BAUH,EXCELSIOR ALIMENTOS S.A.,BOLSA,Homologado,14.000.00000,04/12/2008,2.846.929,2.375.293,5.222.222
173,EZTEC,EZTC,EZ TEC EMPREEND. E PARTICIPACOES S.A.,NOVO MERCADO,Homologado,2.888.996.90817,24/09/2019,227.000.000,0,227.000.000
174,FER C ATLANT,VSPT,FERROVIA CENTRO-ATLANTICA S.A.,BOLSA,Homologado,4.663.149.57280,21/06/2019,125.445.701,19,125.445.720
175,FER HERINGER,FHER,FERTILIZANTES HERINGER S.A.,NOVO MERCADO,Homologado,594.164.90256,27/01/2015,53.857.284,0,53.857.284
176,FERBASA,FESA,CIA FERRO LIGAS DA BAHIA - FERBASA,BOVESPA NIVEL 1,Homologado,1.225.443.61765,10/03/2017,29.440.000,58.880.000,88.320.000
177,FGENERGIA,FGEN,FERREIRA GOMES ENERGIA S.A.,BOLSA,Homologado,807.080.52900,16/01/2018,807.080.529,0,807.080.529
178,FINANSINOS,FNCN,FINANSINOS S.A.- CREDITO FINANC E INVEST,BOLSA,Homologado,12.351.46587,28/04/2005,913.778,0,913.778
179,FIP BKO BREI,BKOI,FDO INV PART BKO I MULTIESTRATEGIA,FIP MT,Homologado,100,22/05/2015,0,50.107,50.107
180,FIP BRZ IE,BRZP,"BRZ INFRA PORTOS FDO, INV. EM PART. INFRAESTRUTURA",FIP IE,Homologado,100,23/12/2019,0,560.000,560.000
181,FIP CONQUEST,FCCQ,CONQUEST FIP EMPRESAS EMERGENTES,FIP EE,Homologado,100,20/02/2014,0,18.455.150,18.455.150
182,FIP IE I,ESUU,FDO INV PART IE BB VOTORANTIM ENERG SUSTENT I,FIP IE,Homologado,100,18/08/2011,0,78.855,78.855
183,FIP IE II,ESUD,FDO INV PART IE BB VOTORANTIM ENERG SUSTENT II,FIP IE,Homologado,100,18/08/2011,0,113.136,113.136
184,FIP IE III,ESUT,FDO INV PART IE BB VOTORANTIM ENERG SUSTENT III,FIP IE,Homologado,100,18/08/2011,0,108.085,108.085
185,FIP INSTITUT,OPEQ,INVESTIDORES INSTITUCIONAIS FDO INV PART MULTIESTR,SOMA,Homologado,100,08/08/2000,0,1,1
186,FIP NVRAPOSO,NVRP,FDO INV PART NOVA RAPOSO - MULTIESTRATEGIA,FIP MT,Homologado,100,13/11/2014,0,300.000,300.000
187,FIP OPP HOLD,OPHF,OPPORTUNITY HOLDING FDO INV PART MULT INV NO EXT,SOMA,Homologado,100,12/05/2016,0,152.891.260,152.891.260
188,FIP PERFIN,PFIN,PERFIN APOLLO ENERGIA FIP EM INFRAESTRUTURA,FIP IE,Homologado,100,19/11/2019,0,9.593.330,9.593.330
189,FIP PORT SUD,FPOR,PORTO SUDESTE ROYALTIES - FIP-IE,FIP IE,Homologado,100,25/04/2019,0,246.541.513,246.541.513
190,FIP XP INFRA,XPIE,XP INFRA II FDO DE INV PART IE,FIP IE,Homologado,100,27/03/2019,0,1.457.500,1.457.500
191,,,,,Subscrito,100,04/02/2020,0,5.014.543,5.014.543
192,FIP XP OMEGA,XPOM,FDO INV PART IE XP OMEGA I,FIP IE,Homologado,100,15/07/2013,0,1.102.400,1.102.400
193,FLEURY,FLRY,FLEURY S.A.,NOVO MERCADO,Homologado,1.449.936.11053,29/01/2020,316.788.210,0,316.788.210
194,FLEX S/A,FLEX,FLEX GESTÃO DE RELACIONAMENTOS S.A.,MAIS,Homologado,65.000.02750,31/08/2017,3.248.533,0,3.248.533
195,FRAS-LE,FRAS,FRAS-LE S.A.,BOVESPA NIVEL 1,Homologado,600.000.00132,20/04/2016,217.566.343,0,217.566.343
196,GAFISA,GFSA,GAFISA S.A.,NOVO MERCADO,Homologado,2.926.280.31814,23/10/2019,120.000.000,0,120.000.000
197,GAIA AGRO,GAFL,GAIA AGRO SECURITIZADORA S.A.,BOLSA,Homologado,890.14800,24/04/2017,890.148,0,890.148
198,GAIA SECURIT,GAIA,GAIA SECURITIZADORA S.A.,SOMA,Homologado,699.01200,30/04/2015,699.012,0,699.012
199,GAMA PART,OPGM,GAMA PARTICIPACOES S.A.,SOMA,Homologado,1.320.95034,27/04/2015,1.935.716,0,1.935.716
200,GENERALSHOPP,GSHP,GENERAL SHOPPING E OUTLETS DO BRASIL S.A.,NOVO MERCADO,Homologado,389.625.56900,11/12/2019,1.928.769,0,1.928.769
201,GER PARANAP,GEPA,RIO PARANAPANEMA ENERGIA S.A.,BOLSA,Homologado,839.137.50380,28/08/2014,31.477.761,62.955.522,94.433.283
202,GERDAU,GGBR,GERDAU S.A.,BOVESPA NIVEL 1,Homologado,19.323.246.66600,12/04/2011,573.627.483,1.146.031.245,1.719.658.728
203,GERDAU MET,GOAU,METALURGICA GERDAU S.A.,BOVESPA NIVEL 1,Homologado,8.248.211.76501,23/08/2019,365.111.201,722.132.003,1.087.243.204
204,GOL,GOLL,GOL LINHAS AEREAS INTELIGENTES S.A.,BOVESPA NIVEL 2,Homologado,3.163.795.85916,30/10/2019,2.863.682.710,273.682.014,3.137.364.724
205,GPC PART,GPCP,GPC PARTICIPACOES S.A.,BOLSA,Homologado,82.049.66238,08/01/2019,5.882.782,384.787,6.267.569
206,GRAZZIOTIN,CGRA,GRAZZIOTIN S.A.,BOLSA,Homologado,221.472.66743,31/05/2019,8.174.413,11.926.570,20.100.983
207,GRENDENE,GRND,GRENDENE S.A.,NOVO MERCADO,Homologado,1.231.301.60446,23/04/2018,902.160.000,0,902.160.000
208,GRUAIRPORT,AGRU,CONC DO AEROPORTO INTERNACIONAL DE GUARULHOS S.A.,SOMA,Homologado,2.624.558.09354,07/12/2017,3.033.541.675,0,3.033.541.675
209,GRUPO NATURA,NTCO,NATURA &CO HOLDING S.A.,NOVO MERCADO,Homologado,4.883.182.32804,07/01/2020,1.187.490.208,0,1.187.490.208
210,GUARARAPES,GUAR,GUARARAPES CONFECCOES S.A.,BOLSA,Homologado,3.100.000.00000,30/04/2019,499.200.000,0,499.200.000
211,HABITASUL,HBTS,CIA HABITASUL DE PARTICIPACOES,BOLSA,Homologado,127.181.80947,26/04/2005,3.152.764,5.980.923,9.133.687
212,HAGA S/A,HAGA,HAGA S.A. INDUSTRIA E COMERCIO,BOLSA,Homologado,10.353.00000,30/04/2009,3.966.667,7.933.333,11.900.000
213,HAPVIDA,HAPV,HAPVIDA PARTICIPACOES E INVESTIMENTOS SA,NOVO MERCADO,Homologado,5.825.521.45650,22/08/2019,742.985.906,0,742.985.906
214,HELBOR,HBOR,HELBOR EMPREENDIMENTOS S.A.,NOVO MERCADO,Homologado,1.750.496.14512,10/10/2019,669.255.362,0,669.255.362
215,HERCULES,HETA,HERCULES S.A. FABRICA DE TALHERES,BOLSA,Homologado,15.300.00000,28/08/2015,171.198,338.801,509.999
216,HOTEIS OTHON,HOOT,HOTEIS OTHON S.A.,BOLSA,Homologado,31.984.16460,12/08/2015,10.477.917,7.894.494,18.372.411
217,HYPERA,HYPE,HYPERA S.A.,NOVO MERCADO,Homologado,4.448.816.69084,19/06/2017,632.238.060,0,632.238.060
218,IDEIASNET,IDNT,IDEIASNET S.A.,BOLSA,Homologado,131.845.92080,30/06/2015,16.343.566,0,16.343.566
219,IGB S/A,IGBR,IGB ELETRÔNICA S/A,BOLSA,Homologado,41.000.00000,23/07/2007,12.504.967,0,12.504.967
220,IGUA SA,IGSN,IGUA SANEAMENTO S.A.,MAIS,Homologado,958.855.67187,18/09/2019,199.192.402,0,199.192.402
221,IGUATEMI,IGTA,IGUATEMI EMPRESA DE SHOPPING CENTERS S.A,NOVO MERCADO,Homologado,1.261.727.56712,27/06/2013,176.611.578,0,176.611.578
222,IHPARDINI,PARD,INSTITUTO HERMES PARDINI S.A.,NOVO MERCADO,Homologado,336.074.14016,02/03/2017,130.978.595,0,130.978.595
223,IMC S/A,MEAL,INTERNATIONAL MEAL COMPANY ALIMENTACAO S.A.,NOVO MERCADO,Homologado,786.066.41519,31/10/2019,195.919.530,0,195.919.530
224,IND CATAGUAS,CATA,CIA INDUSTRIAL CATAGUASES,BOLSA,Homologado,73.288.03375,30/04/2009,144.198,1.109,145.307
225,INDS ROMI,ROMI,INDUSTRIAS ROMI S.A.,NOVO MERCADO,Homologado,504.988.03203,02/08/2016,62.857.647,0,62.857.647
226,INDUSVAL,IDVL,BCO INDUSVAL S.A.,BOVESPA NIVEL 2,Homologado,1.100.254.65425,26/06/2019,83.049.425,3.749.410,86.798.835
227,INEPAR,INEP,INEPAR S.A. INDUSTRIA E CONSTRUCOES,BOLSA,Homologado,415.109.50991,31/01/2020,4.849.476,3.156.808,8.006.284
228,INTER SA,INNT,INTER CONSTRUTORA E INCORPORADORA S.A.,MAIS,Homologado,50.972.92020,29/04/2019,50.651.956,0,50.651.956
229,INTERMEDICA,GNDI,NOTRE DAME INTERMEDICA PARTICIPACOES SA,NOVO MERCADO,Homologado,5.526.231.59658,11/12/2019,603.693.182,0,603.693.182
230,INVEPAR,IVPR,INVESTIMENTOS E PARTICIP. EM INFRA S.A. - INVEPAR,SOMA,Homologado,3.867.919.94030,28/04/2017,143.057.124,286.114.248,429.171.372
231,INVEST BEMGE,FIGE,INVESTIMENTOS BEMGE S.A.,BOLSA,Homologado,123.144.43942,30/04/2015,792.124,1.571.812,2.363.936
232,IOCHP-MAXION,MYPK,IOCHPE MAXION S.A.,NOVO MERCADO,Homologado,1.576.954.29005,24/06/2019,153.719.601,0,153.719.601
233,IRBBRASIL RE,IRBR,IRB - BRASIL RESSEGUROS S.A.,NOVO MERCADO,Homologado,1.953.080.00000,19/09/2019,936.000.000,1,936.000.001
234,IT NOW IB5M,IB5M,IT NOW IMA-B5+ FUNDO DE ÍNDICE,BOLSA,Homologado,100,16/08/2019,0,11.764.706,11.764.706
235,IT NOW IMA-B,IMAB,IT NOW ID ETF IMA-B,BOLSA,Homologado,100,03/04/2019,0,37.600.000,37.600.000
236,IT NOW IRF-M,IRFM,IT NOW IRF-M P2 FUNDO DE ÍNDICE,BOLSA,Homologado,100,16/08/2019,0,100,100
237,ITAPEBI,ITPB,ITAPEBI GERACAO DE ENERGIA S.A.,BOLSA,Homologado,202.524.93805,20/02/2018,202.524.938,0,202.524.938
238,ITAUSA,ITSA,ITAUSA INVESTIMENTOS ITAU S.A.,BOVESPA NIVEL 1,Homologado,43.515.286.34415,12/08/2019,2.889.837.770,5.520.977.160,8.410.814.930
239,ITAUUNIBANCO,ITUB,ITAU UNIBANCO HOLDING S.A.,BOVESPA NIVEL 1,Homologado,97.148.000.00000,27/07/2018,4.958.290.359,4.845.844.989,9.804.135.348
240,J B DUARTE,JBDU,INDUSTRIAS J B DUARTE S.A.,BOLSA,Homologado,171.652.73955,29/04/2019,1.673.066,3.346.095,5.019.161
241,J.MACEDO,JMCD,J. MACEDO S.A.,BOLSA,Homologado,132.041.75671,30/12/2019,10.674.856,8.692.854,19.367.710
242,JBS,JBSS,JBS S.A.,NOVO MERCADO,Homologado,23.631.071.30424,08/02/2017,2.728.747.412,0,2.728.747.412
243,JEREISSATI,JPSA,JEREISSATI PARTICIPACOES S.A.,BOLSA,Homologado,741.986.60851,14/03/2018,87.889.174,0,87.889.174
244,JHSF PART,JHSF,JHSF PARTICIPACOES S.A.,NOVO MERCADO,Homologado,1.443.151.23890,13/02/2020,641.241.829,0,641.241.829
245,JOAO FORTES,JFEN,JOAO FORTES ENGENHARIA S.A.,BOLSA,Homologado,2.103.387.49715,21/08/2017,105.203.815,0,105.203.815
246,JOSAPAR,JOPA,JOSAPAR-JOAQUIM OLIVEIRA S.A. - PARTICIP,BOLSA,Homologado,120.000.00000,17/12/2009,10.450.993,131.368,10.582.361
247,JSL,JSLG,JSL S.A.,NOVO MERCADO,Homologado,711.429.58001,17/02/2020,206.840.509,0,206.840.509
248,KARSTEN,CTKA,KARSTEN S.A.,BOLSA,Homologado,100.023.98740,28/04/2016,2.878.404,3.326.971,6.205.375
249,KEPLER WEBER,KEPL,KEPLER WEBER S.A.,BOLSA,Homologado,234.321.96540,28/05/2015,26.311.971,0,26.311.971
250,KLABIN S/A,KLBN,KLABIN S.A.,BOVESPA NIVEL 2,Homologado,4.076.035.43840,31/01/2018,1.984.594.655,3.425.207.185,5.409.801.840
251,LE LIS BLANC,LLIS,RESTOQUE COMÉRCIO E CONFECÇÕES DE ROUPAS S.A.,NOVO MERCADO,Homologado,958.750.00000,18/12/2019,68.850.829,0,68.850.829
252,LIBRA T RIO,LBRA,LIBRA TERMINAL RIO S.A.,BOLSA,Homologado,88.807.06034,12/12/2019,86.126.660,0,86.126.660
253,LIFEMED,LMED,LIFEMED INDUSTRIAL EQUIP. DE ART. MÉD. HOSP. S.A.,MAIS,Homologado,73.435.88526,15/03/2018,2.576.438,0,2.576.438
254,LIGHT,LIGH,LIGHT SERVICOS DE ELETRICIDADE S.A.,BOLSA,Homologado,4.146.364.78547,17/07/2019,392.849.277.746,0,392.849.277.746
255,LIGHT S/A,LIGT,LIGHT S.A.,NOVO MERCADO,Homologado,4.100.822.19789,11/07/2019,303.934.060,0,303.934.060
256,LINX,LINX,LINX S.A.,NOVO MERCADO,Homologado,645.447.00542,25/06/2019,189.408.960,0,189.408.960
257,LIQ,LIQO,LIQ PARTICIPAÇÕES S.A.,NOVO MERCADO,Homologado,870.814.87204,08/11/2019,23.458.943,0,23.458.943
258,LITEL,LTEL,LITEL PARTICIPACOES S.A.,SOMA,Homologado,21.844.24597,09/09/2019,215.495.403,0,215.495.403
259,LITELA,LTLA,LITELA PARTICIPAÇÕES S.A.,SOMA,Homologado,8.483.797.41347,14/11/2019,196.713.125,0,196.713.125
260,LOCALIZA,RENT,LOCALIZA RENT A CAR S.A.,NOVO MERCADO,Homologado,4.000.000.00000,12/12/2019,758.466.670,0,758.466.670
261,LOCAMERICA,LCAM,CIA LOCAÇÃO DAS AMÉRICAS,NOVO MERCADO,Homologado,3.195.789.98408,17/12/2019,508.729.411,0,508.729.411
262,LOCAWEB,LWSA,LOCAWEB SERVIÇOS DE INTERNET S.A.,NOVO MERCADO,Homologado,630.558.52064,19/02/2020,125.172.486,0,125.172.486
263,LOG COM PROP,LOGG,LOG COMMERCIAL PROPERTIES,NOVO MERCADO,Homologado,2.053.976.28573,22/10/2019,102.159.154,0,102.159.154
264,LOG-IN,LOGN,LOG-IN LOGISTICA INTERMODAL S.A.,NOVO MERCADO,Homologado,1.333.276.90105,10/12/2019,104.199.191,0,104.199.191
265,LOJAS AMERIC,LAME,LOJAS AMERICANAS S.A.,BOVESPA NIVEL 1,Homologado,4.331.720.66370,17/02/2020,545.154.656,1.075.694.696,1.620.849.352
266,LOJAS MARISA,AMAR,MARISA LOJAS S.A.,NOVO MERCADO,Homologado,1.471.959.46394,03/02/2020,261.666.739,0,261.666.739
267,LOJAS RENNER,LREN,LOJAS RENNER S.A.,NOVO MERCADO,Homologado,3.795.633.89560,21/11/2019,795.557.567,0,795.557.567
268,LONGDIS,SPRT,LONGDIS S.A.,SOMA,Homologado,2.181.71756,29/04/2016,4.849.892,0,4.849.892
269,LOPES BRASIL,LPSB,LPS BRASIL - CONSULTORIA DE IMOVEIS S.A.,NOVO MERCADO,Homologado,188.722.96537,29/10/2019,147.554.631,0,147.554.631
270,LUPATECH,LUPA,LUPATECH S.A.,NOVO MERCADO,Homologado,1.888.380.10142,11/02/2020,24.636.092,0,24.636.092
271,M.DIASBRANCO,MDIA,M.DIAS BRANCO S.A. IND COM DE ALIMENTOS,NOVO MERCADO,Homologado,2.508.400.56473,11/03/2019,339.000.000,0,339.000.000
272,MAESTROLOC,MSRO,MAESTRO LOCADORA DE VEICULOS S.A.,MAIS,Homologado,51.734.98922,11/03/2015,1.733.988,0,1.733.988
273,MAGAZ LUIZA,MGLU,MAGAZINE LUIZA S.A.,NOVO MERCADO,Homologado,6.070.911.47200,12/11/2019,1.624.731.712,0,1.624.731.712
274,MANGELS INDL,MGEL,MANGELS INDUSTRIAL S.A.,BOLSA,Homologado,171.272.99667,29/04/2016,2.067.243,3.715.969,5.783.212
275,MARCOPOLO,POMO,MARCOPOLO S.A.,BOVESPA NIVEL 2,Homologado,1.334.052.46160,25/02/2019,341.625.744,605.267.138,946.892.882
276,MARFRIG,MRFG,MARFRIG GLOBAL FOODS S.A.,NOVO MERCADO,Homologado,8.328.577.96100,17/12/2019,711.369.913,0,711.369.913
277,MELHOR SP,MSPA,CIA MELHORAMENTOS DE SAO PAULO,BOLSA,Homologado,153.718.77600,20/04/2017,5.631.445,773.504,6.404.949
278,MENEZES CORT,MNZC,TERMINAL GARAGEM MENEZES CORTES S.A.,SOMA,Homologado,2.018.00000,09/04/2014,526.308,0,526.308
279,MERC BRASIL,BMEB,BCO MERCANTIL DO BRASIL S.A.,BOLSA,Homologado,492.708.42600,17/08/2018,32.577.872,19.837.918,52.415.790
280,MERC FINANC,MERC,MERCANTIL BRASIL FINANC S.A. C.F.I.,BOLSA,Homologado,126.070.00000,20/05/2014,10.179.565,7.830.435,18.010.000
281,MERC INVEST,BMIN,BCO MERCANTIL DE INVESTIMENTOS S.A.,BOLSA,Homologado,82.028.40000,09/05/2018,4.115.057,710.143,4.825.200
282,METAL IGUACU,MTIG,METALGRAFICA IGUACU S.A.,BOLSA,Homologado,22.940.72762,13/11/2018,80.448,160.896,241.344
283,METAL LEVE,LEVE,MAHLE-METAL LEVE S.A.,NOVO MERCADO,Homologado,966.254.68400,10/04/2012,128.308.500,0,128.308.500
284,METALFRIO,FRIO,METALFRIO SOLUTIONS S.A.,NOVO MERCADO,Homologado,244.038.82053,17/04/2017,4.106.754,0,4.106.754
285,METISA,MTSA,METISA METALURGICA TIMBOENSE S.A.,BOLSA,Homologado,150.000.00000,25/04/2019,4.212.530,4.924.733,9.137.263
286,MGI PARTICIP,MGIP,MGI - MINAS GERAIS PARTICIPAÇÕES S.A.,BOLSA,Homologado,3.521.253.79296,20/12/2017,574.438.888,0,574.438.888
287,MILLS,MILS,MILLS ESTRUTURAS E SERVIÇOS DE ENGENHARIA S.A.,NOVO MERCADO,Homologado,1.089.379.32739,28/08/2019,251.866.230,0,251.866.230
288,MINASMAQUINA,MMAQ,MINASMAQUINAS S.A.,BOLSA,Homologado,124.277.51266,26/04/2019,22.425,22.425,44.850
289,MINERVA,BEEF,MINERVA S.A.,NOVO MERCADO,Homologado,1.340.513.57657,10/02/2020,485.558.919,0,485.558.919
290,MINUPAR,MNPR,MINUPAR PARTICIPACOES S.A.,BOLSA,Homologado,120.107.80000,03/06/2016,7.100.100,0,7.100.100
291,MIRAE FIXA,FIXA,MIRAE ASSET RENDA FIXA PRE FUNDO DE INDICE,BOLSA,Homologado,100,13/06/2019,0,14.600.000,14.600.000
292,MITRE REALTY,MTRE,MITRE REALTY EMPREENDIMENTOS E PARTICIPAÇÕES S.A.,NOVO MERCADO,Homologado,1.014.824.02600,03/02/2020,105.774.820,0,105.774.820
293,MMX MINER,MMXM,MMX MINERACAO E METALICOS S.A.,NOVO MERCADO,Homologado,30.000.00000,13/12/2018,6.488.183,0,6.488.183
294,MONT ARANHA,MOAR,MONTEIRO ARANHA S.A.,BOLSA,Homologado,716.837.89875,01/04/2013,12.251.221,0,12.251.221
295,MOURA DUBEUX,MDNE,MOURA DUBEUX ENGENHARIA S/A,NOVO MERCADO,Homologado,1.391.513.34028,11/02/2019,84.909.375,0,84.909.375
296,MOVIDA,MOVI,MOVIDA PARTICIPACOES SA,NOVO MERCADO,Homologado,2.046.641.91460,25/07/2019,298.921.014,0,298.921.014
297,MRS LOGIST,MRSA,MRS LOGISTICA S.A.,SOMA,Homologado,1.917.305.40110,20/03/2019,188.332.687,151.667.313,340.000.000
298,MRV,MRVE,MRV ENGENHARIA E PARTICIPACOES S.A.,NOVO MERCADO,Homologado,4.968.785.76923,31/01/2020,481.953.895,0,481.953.895
299,MULTIPLAN,MULT,MULTIPLAN - EMPREEND IMOBILIARIOS S.A.,BOVESPA NIVEL 2,Homologado,2.988.062.19088,20/07/2018,565.185.834,35.575.041,600.760.875
300,MUNDIAL,MNDL,MUNDIAL S.A. - PRODUTOS DE CONSUMO,BOLSA,Homologado,43.794.10518,22/03/2013,2.480.260,0,2.480.260
301,NADIR FIGUEI,NAFG,NADIR FIGUEIREDO IND E COM S.A.,BOLSA,Homologado,172.673.53077,31/07/2019,5.513.608,8.065.423,13.579.031
302,NATURA,NATU,NATURA COSMETICOS S.A.,BOLSA,Homologado,1.721.911.07018,11/10/2019,865.818.140,0,865.818.140
303,NEOENERGIA,NEOE,NEOENERGIA S.A.,NOVO MERCADO,Homologado,12.919.982.15170,26/03/2018,1.213.797.248,0,1.213.797.248
304,NORD BRASIL,BNBR,BCO NORDESTE DO BRASIL S.A.,BOLSA,Homologado,3.813.000.00000,25/04/2019,86.371.464,0,86.371.464
305,NORDON MET,NORD,NORDON INDUSTRIAS METALURGICAS S.A.,BOLSA,Homologado,107.838.22750,29/04/2016,6.621.486,0,6.621.486
306,NORTCQUIMICA,NRTQ,NORTEC QUÍMICA S.A.,MAIS,Homologado,68.234.39676,28/04/2017,11.877.395,0,11.877.395
307,NUTRIPLANT,NUTR,NUTRIPLANT INDUSTRIA E COMERCIO S.A.,MAIS,Homologado,24.270.61277,20/08/2015,127.944,0,127.944
308,OCTANTE SEC,OCTS,OCTANTE SECURITIZADORA S.A.,BOLSA,Homologado,134.88900,20/03/2012,134.889,0,134.889
309,ODERICH,ODER,CONSERVAS ODERICH S.A.,BOLSA,Homologado,80.000.00000,30/04/2018,9.858.589,1.428.517,11.287.106
310,ODONTOPREV,ODPV,ODONTOPREV S.A.,NOVO MERCADO,Homologado,607.868.96724,01/04/2019,531.294.792,0,531.294.792
311,OI,OIBR,OI S.A.,BOVESPA NIVEL 1,Homologado,32.538.937.37000,28/01/2019,5.796.477.760,157.727.241,5.954.205.001
312,OMEGA GER,OMGE,OMEGA GERAÇÃO S.A.,NOVO MERCADO,Homologado,2.664.013.80613,29/10/2019,164.964.930,0,164.964.930
313,OPPORT ENERG,OPHE,OPPORTUNITY ENERGIA E PARTICIPACOES S.A.,SOMA,Homologado,15.660.87596,23/08/2019,1.816.703.827,0,1.816.703.827
314,OSX BRASIL,OSXB,OSX BRASIL S.A.,NOVO MERCADO,Homologado,35.263.60000,27/11/2018,3.148.038,0,3.148.038
315,OURINVESTSEC,OSEC,OURINVEST SECURITIZADORA SA,BOLSA,Homologado,826.75500,29/12/2016,826.755,0,826.755
316,OURO VERDE,OVSA,OURO VERDE LOCACAO E SERVICO S.A.,BOLSA,Homologado,475.492.26111,08/07/2019,371.975.418,0,371.975.418
317,OUROFINO S/A,OFSA,OURO FINO SAUDE ANIMAL PARTICIPACOES S.A.,NOVO MERCADO,Homologado,377.065.03343,29/03/2019,53.949.006,0,53.949.006
318,P.ACUCAR-CBD,PCAR,CIA BRASILEIRA DE DISTRIBUICAO,BOVESPA NIVEL 1,Homologado,6.858.614.81087,19/02/2020,99.679.851,168.355.350,268.035.201
319,PANATLANTICA,PATI,PANATLANTICA S.A.,BOLSA,Homologado,262.600.00000,25/11/2019,17.487.075,782.695,18.269.770
320,PAR AL BAHIA,PEAB,CIA PARTICIPACOES ALIANCA DA BAHIA,BOLSA,Homologado,410.358.80000,29/04/2016,6.425.139,6.425.139,12.850.278
321,PARANA,PRBC,PARANA BCO S.A.,BOLSA,Homologado,768.359.35823,30/01/2020,1.647.843.240,1.609.920.560,3.257.763.800
322,PARANAPANEMA,PMAM,PARANAPANEMA S.A.,NOVO MERCADO,Homologado,2.069.566.24756,04/09/2019,43.403.849,0,43.403.849
323,PATRIA SEC,NOOS,PATRIA CIA SECURITIZADORA DE CRED IMOB,BOLSA,Homologado,862.04700,24/01/2017,862.047,0,862.047
324,PAUL F LUZ,PALF,CIA PAULISTA DE FORCA E LUZ,BOLSA,Homologado,1.308.372.76792,29/04/2019,880.653.031,0,880.653.031
325,PDG REALT,PDGR,PDG REALTY S.A. EMPREEND E PARTICIPACOES,NOVO MERCADO,Homologado,5.044.270.13949,12/12/2018,8.066.955,0,8.066.955
326,PDG SECURIT,PDGS,PDG COMPANHIA SECURITIZADORA,BOLSA,Homologado,37.380.22257,24/06/2019,36.292.213,0,36.292.213
327,PET MANGUINH,RPMG,REFINARIA DE PETROLEOS MANGUINHOS S.A.,BOLSA,Homologado,208.713.67485,07/08/2019,67.691.629,0,67.691.629
328,PETROBRAS,PETR,PETROLEO BRASILEIRO S.A. PETROBRAS,BOVESPA NIVEL 2,Homologado,205.431.960.49052,02/04/2014,7.442.454.142,5.602.042.788,13.044.496.930
329,PETROBRAS BR,BRDT,PETROBRAS DISTRIBUIDORA S/A,NOVO MERCADO,Homologado,6.353.388.95404,24/04/2019,1.165.000.000,0,1.165.000.000
330,PETRORIO,PRIO,PETRO RIO S.A.,NOVO MERCADO,Homologado,3.463.530.24412,02/01/2020,144.685.660,0,144.685.660
331,PETTENATI,PTNT,PETTENATI S.A. INDUSTRIA TEXTIL,BOLSA,Homologado,66.000.00000,30/10/2018,16.016.924,32.029.564,48.046.488
332,PINE,PINE,BCO PINE S.A.,BOVESPA NIVEL 2,Homologado,1.202.393.17342,30/12/2019,75.577.842,72.579.922,148.157.764
333,PLASCAR PART,PLAS,PLASCAR PARTICIPACOES INDUSTRIAIS S.A.,BOLSA,Homologado,931.454.93971,13/12/2018,12.425.418,0,12.425.418
334,POLO CAP SEC,PLSC,POLO CAPITAL SECURITIZADORA S.A,BOLSA,Homologado,500.00000,19/02/2013,500.000,0,500.000
335,POLPAR,PPAR,POLPAR S.A.,BOLSA,Homologado,3.000.00000,21/12/2017,34.000,40.000,74.000
336,POMIFRUTAS,FRTA,POMIFRUTAS S/A,NOVO MERCADO,Homologado,142.812.95405,02/05/2019,2.001.106,0,2.001.106
337,PORTO SEGURO,PSSA,PORTO SEGURO S.A.,NOVO MERCADO,Homologado,4.000.000.00000,29/03/2018,323.293.030,0,323.293.030
338,PORTO VM,PSVM,PORTO SUDESTE V.M. S.A.,BOLSA,Homologado,1.276.04010,28/02/2019,4.060.490.071,0,4.060.490.071
339,PORTOBELLO,PTBL,PBG S/A,NOVO MERCADO,Homologado,200.000.00000,02/04/2019,158.488.517,0,158.488.517
340,POSITIVO TEC,POSI,POSITIVO TECNOLOGIA S.A.,NOVO MERCADO,Homologado,742.700.00000,30/01/2020,141.800.000,0,141.800.000
341,PRATICA,PTCA,PRATICA KLIMAQUIP INDUSTRIA E COMERCIO SA,MAIS NIVEL 2,Homologado,29.068.28753,31/08/2018,3.355.031,373.242,3.728.273
342,PRINER,PRNR,PRINER SERVIÇOS INDUSTRIAIS S.A.,NOVO MERCADO,Homologado,247.280.25962,13/02/2020,38.044.801,0,38.044.801
343,PROFARMA,PFRM,PROFARMA DISTRIB PROD FARMACEUTICOS S.A.,NOVO MERCADO,Homologado,1.159.065.09153,20/03/2018,123.812.773,0,123.812.773
344,PROMAN,PRMN,PRODUTORES ENERGET.DE MANSO S.A.- PROMAN,SOMA,Homologado,1.100.00000,19/10/2001,100.000,0,100.000
345,PROMPT PART,PRPT,PROMPT PARTICIPACOES S.A.,SOMA,Homologado,5.478.21393,31/10/2019,106.815.796,0,106.815.796
346,QUALICORP,QUAL,QUALICORP CONSULTORIA E CORRETORA DE SEGUROS S.A.,NOVO MERCADO,Homologado,896.557.58873,12/11/2019,284.014.325,0,284.014.325
347,QUALITY SOFT,QUSW,QUALITY SOFTWARE S.A.,MAIS,Homologado,37.605.71118,26/01/2017,861.605,0,861.605
348,RAIADROGASIL,RADL,RAIA DROGASIL S.A.,NOVO MERCADO,Homologado,2.500.000.00000,10/04/2019,330.386.000,0,330.386.000
349,RAIZEN ENERG,RESA,RAIZEN ENERGIA S.A.,BOLSA,Homologado,6.516.353.96958,31/07/2017,7.243.283.198,133.342.458,7.376.625.656
350,RANDON PART,RAPT,RANDON S.A. IMPLEMENTOS E PARTICIPACOES,BOVESPA NIVEL 1,Homologado,1.293.169.86411,29/06/2016,116.515.527,229.260.282,345.775.809
351,RBCAPITALRES,RBRA,RB CAPITAL COMPANHIA DE SECURITIZAÇÃO,SOMA,Homologado,20.029.92608,14/02/2020,7.927.248,0,7.927.248
352,RBCAPITALSEC,RBCS,RB CAPITAL SECURITIZADORA S.A.,SOMA,Homologado,7.465.42279,08/11/2019,13.779.346,0,13.779.346
353,RECRUSUL,RCSL,RECRUSUL S.A.,BOLSA,Homologado,220.000.00040,26/04/2019,25.408.950,50.414.424,75.823.374
354,REDE ENERGIA,REDE,REDE ENERGIA PARTICIPAÇÕES S.A.,BOLSA,Homologado,2.777.404.24194,21/07/2017,2.057.874.630,0,2.057.874.630
355,RENOVA,RNEW,RENOVA ENERGIA S.A.,BOVESPA NIVEL 2,Homologado,2.960.775.97698,21/11/2018,32.980.524,8.739.200,41.719.724
356,RIOSULENSE,RSUL,METALURGICA RIOSULENSE S.A.,BOLSA,Homologado,9.213.92180,05/05/2008,343.000,240.000,583.000
357,RNI,RDNI,RNI NEGÓCIOS IMOBILIÁRIOS S.A.,NOVO MERCADO,Homologado,512.438.00000,10/11/2015,43.769.808,0,43.769.808
358,ROD COLINAS,COLN,RODOVIAS DAS COLINAS S.A.,BOLSA,Homologado,226.145.40100,11/03/2013,74.220.000,0,74.220.000
359,ROD TIETE,RDVT,CONC RODOVIAS DO TIETÊ S.A.,BOLSA,Homologado,303.578.47596,30/06/2015,30.357.847.596,0,30.357.847.596
360,ROSSI RESID,RSID,ROSSI RESIDENCIAL S.A.,NOVO MERCADO,Homologado,2.635.639.57500,18/01/2016,17.153.337,0,17.153.337
361,RT BANDEIRAS,CRBD,CONC ROTA DAS BANDEIRAS S.A.,BOLSA,Homologado,556.799.05000,27/10/2010,278.399.525,278.399.525,556.799.050
362,RUMO S.A.,RAIL,RUMO S.A.,NOVO MERCADO,Homologado,9.654.897.09782,04/10/2017,1.559.015.898,0,1.559.015.898
363,SABESP,SBSP,CIA SANEAMENTO BASICO EST SAO PAULO,NOVO MERCADO,Homologado,15.000.000.00000,13/12/2018,683.509.869,0,683.509.869
364,SALUS INFRA,SAIP,SALUS INFRAESTRUTURA PORTUARIA SA,BOLSA,Homologado,20.511.18150,07/06/2018,420.000,0,420.000
365,SANEPAR,SAPR,CIA SANEAMENTO DO PARANA - SANEPAR,BOVESPA NIVEL 2,Homologado,2.854.951.99250,18/04/2019,167.911.753,335.823.420,503.735.173
366,SANESALTO,SNST,SANESALTO SANEAMENTO S.A.,BOLSA,Homologado,14.573.54600,04/02/2020,14.573.546,0,14.573.546
367,SANSUY,SNSY,SANSUY S.A. INDUSTRIA DE PLASTICOS,BOLSA,Homologado,54.625.00000,28/03/2016,66.448,126.463,192.911
368,SANTANDER BR,SANB,BCO SANTANDER (BRASIL) S.A.,BOLSA,Homologado,57.000.000.00000,18/09/2017,3.818.695.031,3.679.836.020,7.498.531.051
369,SANTANENSE,CTSA,CIA TECIDOS SANTANENSE,BOLSA,Homologado,150.000.00000,30/04/2014,38.041.111,1.258.019,39.299.130
370,SANTHER,STTZ,SANTHER FAB DE PAPEL STA THEREZINHA S.A.,BOLSA,Homologado,52.658.36033,30/06/2011,16.918,0,16.918
371,SANTOS BRP,STBP,SANTOS BRASIL PARTICIPACOES S.A.,NOVO MERCADO,Homologado,1.081.907.42412,22/10/2019,669.798.378,0,669.798.378
372,SAO CARLOS,SCAR,SAO CARLOS EMPREEND E PARTICIPACOES S.A.,NOVO MERCADO,Homologado,1.073.911.67648,28/04/2017,57.737.319,0,57.737.319
373,SAO MARTINHO,SMTO,SAO MARTINHO S.A.,NOVO MERCADO,Homologado,1.696.651.84330,24/06/2019,354.011.329,0,354.011.329
374,SARAIVA LIVR,SLED,SARAIVA LIVREIROS S.A. - EM RECUPERAÇÃO JUDICIAL,BOVESPA NIVEL 2,Homologado,301.331.56463,19/02/2020,18.622.037,22.617.523,41.239.560
375,SCHULZ,SHUL,SCHULZ S.A.,BOLSA,Homologado,342.000.00000,04/12/2018,38.173.191,51.170.504,89.343.695
376,SEG AL BAHIA,CSAB,CIA SEGUROS ALIANCA DA BAHIA,BOLSA,Homologado,100.000.00000,30/03/2009,3.840.000,3.840.000,7.680.000
377,SELECTPART,SLCT,INNCORP S.A.,SOMA,Homologado,3.477.86337,29/04/2016,50.612.981,0,50.612.981
378,SER EDUCA,SEER,SER EDUCACIONAL S.A.,NOVO MERCADO,Homologado,991.644.17280,09/05/2019,128.721.560,0,128.721.560
379,SID NACIONAL,CSNA,CIA SIDERURGICA NACIONAL,BOLSA,Homologado,4.540.000.00000,19/08/2014,1.387.524.047,0,1.387.524.047
380,SINQIA,SQIA,SINQIA S.A.,NOVO MERCADO,Homologado,413.260.59384,12/09/2019,70.548.812,0,70.548.812
381,SLC AGRICOLA,SLCE,SLC AGRICOLA S.A.,NOVO MERCADO,Homologado,947.521.50985,30/04/2019,190.595.000,0,190.595.000
382,SMART FIT,SMFT,SMARTFIT ESCOLA DE GINÁSTICA E DANÇA S.A.,MAIS NIVEL 2,Homologado,378.678.88260,20/01/2020,14.601.763,6.464.424,21.066.187
383,SMILES,SMLS,SMILES FIDELIDADE S.A.,NOVO MERCADO,Homologado,255.716.83224,25/02/2019,124.158.953,0,124.158.953
384,SONDOTECNICA,SOND,SONDOTECNICA ENGENHARIA SOLOS S.A.,BOLSA,Homologado,34.200.00000,10/06/2013,856.000,1.601.900,2.457.900
385,SPRINGER,SPRI,SPRINGER S.A.,BOLSA,Homologado,78.245.64375,29/04/2016,1.889.004,640.415,2.529.419
386,SPRINGS,SGPS,SPRINGS GLOBAL PARTICIPACOES S.A.,NOVO MERCADO,Homologado,1.860.263.80768,21/10/2015,50.000.000,0,50.000.000
387,SPTURIS,AHEB,SAO PAULO TURISMO S.A.,BOLSA,Homologado,216.713.25674,06/09/2018,7.389.933,132.221,7.522.154
388,,,,,Subscrito,30.550.17494,17/02/2020,1.041.763,18.639,1.060.402
389,STARA,STTR,STARA S.A. - INDÚSTRIA DE IMPLEMENTOS AGRÍCOLAS,MAIS,Homologado,304.233.10542,21/11/2016,297.498.383,0,297.498.383
390,STATKRAFT,STKF,STATKRAFT ENERGIAS RENOVAVEIS S.A.,BOLSA,Homologado,1.133.384.33303,14/12/2018,218.370.694,0,218.370.694
391,STO ANTONIO,STEN,SANTO ANTONIO ENERGIA S.A.,BOLSA,Homologado,9.664.356.67200,03/12/2018,10.000.452.329,0,10.000.452.329
392,SUDESTE S/A,OPSE,SUDESTE S.A.,SOMA,Homologado,4.099.00000,31/10/2019,126.178.324,0,126.178.324
393,SUL 116 PART,OPTS,SUL 116 PARTICIPACOES S.A.,SOMA,Homologado,28.385.04047,26/12/2014,83.596.902.573,0,83.596.902.573
394,SUL AMERICA,SULA,SUL AMERICA S.A.,BOVESPA NIVEL 2,Homologado,3.319.882.34685,29/03/2017,592.688.393,589.773.510,1.182.461.903
395,SUZANO HOLD,NEMO,SUZANO HOLDING S.A.,BOLSA,Homologado,1.975.670.35197,31/08/2016,75.034.146,97.893.157,172.927.303
396,SUZANO S.A.,SUZB,SUZANO S.A.,NOVO MERCADO,Homologado,9.269.281.42463,10/01/2019,1.361.263.584,0,1.361.263.584
397,TAESA,TAEE,TRANSMISSORA ALIANÇA DE ENERGIA ELÉTRICA S.A.,BOVESPA NIVEL 2,Homologado,3.067.535.19328,29/09/2016,590.714.069,442.782.652,1.033.496.721
398,TAURUS ARMAS,TASA,TAURUS ARMAS S.A.,BOVESPA NIVEL 2,Homologado,520.277.18361,20/01/2020,46.445.314,42.019.019,88.464.333
399,TCP TERMINAL,TCPA,TCP TERMINAL DE CONTEINERES DE PARANAGUA SA,BOLSA,Homologado,109.378.93843,15/07/2016,8.116.936,0,8.116.936
400,TECHNOS,TECN,TECHNOS S.A.,NOVO MERCADO,Homologado,130.586.57349,15/07/2014,78.506.215,0,78.506.215
401,TECNISA,TCSA,TECNISA S.A.,NOVO MERCADO,Homologado,1.868.315.63000,17/07/2019,736.192.307,0,736.192.307
402,TECNOSOLO,TCNO,TECNOSOLO ENGENHARIA S.A.,BOLSA,Homologado,14.921.83899,20/04/2016,2.353.672,4.266.666,6.620.338
403,TEGMA,TGMA,TEGMA GESTAO LOGISTICA S.A.,NOVO MERCADO,Homologado,144.469.39600,16/12/2008,66.002.915,0,66.002.915
404,TEKA,TEKA,TEKA-TECELAGEM KUEHNRICH S.A.,BOLSA,Homologado,21.944.72125,10/12/2015,167.915,335.240,503.155
405,TEKNO,TKNO,TEKNO S.A. - INDUSTRIA E COMERCIO,BOLSA,Homologado,177.000.00000,29/04/2014,1.587.101,1.360.709,2.947.810
406,TELEBRAS,TELB,TELEC BRASILEIRAS S.A. TELEBRAS,BOLSA,Homologado,1.594.666.57000,11/01/2018,39.272.779,10.332.711,49.605.490
407,,,,,Subscrito,1.512.721.99790,31/10/2019,10.184.492,8.074.780,18.259.272
408,TELEF BRASIL,VIVT,TELEFÔNICA BRASIL S.A,BOLSA,Homologado,63.571.415.86509,28/05/2015,571.644.217,1.119.340.706,1.690.984.923
409,TENDA,TEND,CONSTRUTORA TENDA S.A.,NOVO MERCADO,Homologado,1.095.829.37849,25/03/2019,104.344.246,0,104.344.246
410,TERM. PE III,TEPE,TERMELÉTRICA PERNAMBUCO III S.A.,BOLSA,Homologado,125.939.00000,22/11/2013,26.162.996,0,26.162.996
411,TERMOPE,TMPE,TERMOPERNAMBUCO S.A.,BOLSA,Homologado,571.815.32000,29/04/2015,571.815.320,0,571.815.320
412,TERRA SANTA,TESA,TERRA SANTA AGRO S.A.,NOVO MERCADO,Homologado,2.778.684.94245,10/12/2019,21.639.608,0,21.639.608
413,TEX RENAUX,TXRX,TEXTIL RENAUXVIEW S.A.,BOLSA,Homologado,8.186.22066,29/04/2016,1.456.603,2.802.678,4.259.281
414,TIM PART S/A,TIMP,TIM PARTICIPACOES S.A.,NOVO MERCADO,Homologado,9.913.414.42174,06/10/2014,2.421.032.479,0,2.421.032.479
415,TIME FOR FUN,SHOW,T4F ENTRETENIMENTO S.A.,NOVO MERCADO,Homologado,243.022.17040,26/06/2015,67.500.665,0,67.500.665
416,TOTVS,TOTS,TOTVS S.A.,NOVO MERCADO,Homologado,1.382.508.56443,22/05/2019,192.637.727,0,192.637.727
417,TRAN PAULIST,TRPL,CTEEP - CIA TRANSMISSÃO ENERGIA ELÉTRICA PAULISTA,BOVESPA NIVEL 1,Homologado,3.590.020.42694,04/04/2019,257.937.732,400.945.572,658.883.304
418,TREVISA,LUXM,TREVISA INVESTIMENTOS S.A.,BOLSA,Homologado,45.000.00000,28/04/2017,2.298.000,2.898.000,5.196.000
419,TRIANGULOSOL,TRIA,TRIÂNGULO DO SOL AUTO-ESTRADAS S.A.,BOLSA,Homologado,71.000.00000,16/01/2013,610.000,0,610.000
420,TRISUL,TRIS,TRISUL S.A.,NOVO MERCADO,Homologado,866.080.00000,12/09/2019,186.617.538,0,186.617.538
421,TRIUNFO PART,TPIS,TPI - TRIUNFO PARTICIP. E INVEST. S.A.,NOVO MERCADO,Homologado,842.979.22655,13/08/2013,176.000.000,0,176.000.000
422,TRUESEC,APCS,TRUE SECURITIZADORA S.A.,BOLSA,Homologado,400.00000,20/09/2013,400.000,0,400.000
423,TUPY,TUPY,TUPY S.A.,NOVO MERCADO,Homologado,1.060.300.76004,30/10/2013,144.177.500,0,144.177.500
424,ULTRAPAR,UGPA,ULTRAPAR PARTICIPACOES S.A.,NOVO MERCADO,Homologado,5.171.751.60808,19/02/2020,1.114.918.734,0,1.114.918.734
425,UNICASA,UCAS,UNICASA INDÚSTRIA DE MÓVEIS S.A.,NOVO MERCADO,Homologado,147.000.00000,03/12/2019,66.086.364,0,66.086.364
426,UNIDAS,UNID,UNIDAS S.A.,BOLSA,Homologado,1.152.233.88435,15/03/2019,54.540.394,0,54.540.394
427,UNIPAR,UNIP,UNIPAR CARBOCLORO S.A.,BOLSA,Homologado,699.002.14283,12/02/2020,34.461.770,63.356.402,97.818.172
428,UPTICK,UPKP,UPTICK PARTICIPACOES S.A.,SOMA,Homologado,49.646.14770,29/03/2004,52.437.003,0,52.437.003
429,USIMINAS,USIM,USINAS SID DE MINAS GERAIS S.A.-USIMINAS,BOVESPA NIVEL 1,Homologado,13.200.294.93504,10/05/2019,705.260.684,547.818.424,1.253.079.108
430,VALE,VALE,VALE S.A.,NOVO MERCADO,Homologado,77.300.000.00000,18/10/2017,5.284.474.770,12,5.284.474.782
431,VALID,VLID,VALID SOLUÇÕES S.A.,NOVO MERCADO,Homologado,919.688.00000,15/05/2017,71.225.000,0,71.225.000
432,VERTCIASEC,VERT,VERT COMPANHIA SECURITIZADORA,BOLSA,Homologado,1.200.00000,23/05/2017,100.000,11,100.011
433,VIAOESTE,VOES,CONC ROD.OESTE SP VIAOESTE S.A,BOLSA,Homologado,139.762.92242,31/05/2007,6.988.146.121,6.988.146.121,13.976.292.242
434,VIAVAREJO,VVAR,VIA VAREJO S.A.,NOVO MERCADO,Homologado,2.904.007.29644,12/02/2020,1.299.966.319,0,1.299.966.319
435,VIVARA S.A.,VIVA,VIVARA PARTICIPAÇOES S.A,NOVO MERCADO,Homologado,1.105.381.20900,08/10/2019,236.197.769,0,236.197.769
436,VIVER,VIVR,VIVER INCORPORADORA E CONSTRUTORA S.A.,NOVO MERCADO,Homologado,2.233.231.71523,19/12/2019,46.572.036,0,46.572.036
437,VULCABRAS,VULC,VULCABRAS/AZALEIA S.A.,NOVO MERCADO,Homologado,1.140.910.33250,24/10/2017,245.756.346,0,245.756.346
438,WEG,WEGE,WEG S.A.,NOVO MERCADO,Homologado,5.504.516.50800,24/04/2018,2.098.658.999,0,2.098.658.999
439,WETZEL S/A,MWET,WETZEL S.A.,BOLSA,Homologado,47.147.37502,10/09/2015,686.001,1.372.002,2.058.003
440,WHIRLPOOL,WHRL,WHIRLPOOL S.A.,BOLSA,Homologado,1.159.102.34807,27/04/2017,1.028.700.892,474.085.114,1.502.786.006
441,WIZ S.A.,WIZS,WIZ SOLUÇÕES E CORRETAGEM DE SEGUROS S.A.,NOVO MERCADO,Homologado,40.000.00000,10/12/2014,159.907.282,0,159.907.282
442,WLM IND COM,WLMM,WLM PART. E COMÉRCIO DE MÁQUINAS E VEÍCULOS S.A.,BOLSA,Homologado,177.375.43561,17/09/2015,16.571.220,19.843.450,36.414.670
443,WTORRE PIC,WTPI,REAL AI PIC SEC DE CREDITOS IMOBILIARIO S.A.,BOLSA,Homologado,59.40604,30/04/2012,59.396,10,59.406
444,YDUQS PART,YDUQ,ESTACIO PARTICIPACOES S.A.,NOVO MERCADO,Homologado,1.139.887.26322,13/06/2018,309.088.851,0,309.088.851
445,YDUQS PART,YDUQ,ESTACIO PARTICIPACOES S.A.,NOVO MERCADO,Homologado,1.139.887.26322,13/06/2018,309.088.851,0,309.088.851
