CNPJ_CIA,DENOM_CIA,CD_CVM
92.693.019/0001-89,PANATLANTICA S.A.,94
45.987.245/0001-92,BAHEMA EDUCACAO S.A.,701
60.746.948/0001-12,BCO BRADESCO S.A.,906
00.000.000/0001-91,BCO BRASIL S.A.,1023
28.127.603/0001-78,BANESTES S.A. - BCO EST ESPIRITO SANTO,1155
92.702.067/0001-96,BCO ESTADO DO RIO GRANDE DO SUL S.A.,1210
17.184.037/0001-10,BCO MERCANTIL DO BRASIL S.A.,1325
60.770.336/0001-65,BCO ALFA DE INVESTIMENTO S.A.,1384
60.851.615/0001-53,BARDELLA S.A. INDUSTRIAS MECANICAS,1520
61.374.161/0001-30,BAUMER S.A.,1562
14.308.514/0001-13,PARTICIPAÇÕES INDUST. DO NORDESTE S.A.,1597
56.992.423/0001-90,BICICLETAS MONARK S.A.,1694
61.088.894/0001-08,CAMBUCI S.A.,2100
92.791.243/0001-03,CELULOSE IRANI S.A.,2429
00.001.180/0001-26,CENTRAIS ELET BRAS S.A. - ELETROBRAS,2437
17.155.730/0001-64,CIA ENERGETICA DE MINAS GERAIS - CEMIG,2453
83.878.892/0001-55,CENTRAIS ELET DE SANTA CATARINA S.A.,2461
15.141.799/0001-03,CIA FERRO LIGAS DA BAHIA - FERBASA,3069
17.245.234/0001-00,CIA FIACAO TECIDOS CEDRO CACHOEIRA,3077
15.144.017/0001-90,CIA SEGUROS ALIANCA DA BAHIA,3115
22.677.520/0001-76,CIA TECIDOS NORTE DE MINAS COTEMINAS,3158
84.208.123/0001-02,CIA DOCAS DE IMBITUBA,3174
61.584.140/0001-49,REDE ENERGIA PARTICIPAÇÕES S.A.,3190
92.715.812/0001-31,CIA ESTADUAL GER.TRANS.ENER.ELET-CEEE-GT,3204
87.762.563/0001-03,CIA HABITASUL DE PARTICIPACOES,3298
33.541.368/0001-16,CIA HIDRO ELÉTRICA DO SÃO FRANCISCO,3328
19.526.748/0001-50,CIA INDUSTRIAL CATAGUASES,3395
82.981.929/0001-03,CIA INDUSTRIAL SCHLOSSER S.A.,3549
60.730.348/0001-66,CIA MELHORAMENTOS DE SAO PAULO,3654
33.611.500/0001-19,GERDAU S.A.,3980
33.042.730/0001-04,CIA SIDERURGICA NACIONAL,4030
33.009.911/0001-39,SOUZA CRUZ SA,4057
21.255.567/0001-89,CIA TECIDOS SANTANENSE,4081
82.640.558/0001-04,KARSTEN S.A.,4146
33.592.510/0001-54,VALE S.A.,4170
61.080.313/0001-91,COBRASMA S.A.,4448
92.012.467/0001-70,GRAZZIOTIN S.A.,4537
08.402.943/0001-52,GUARARAPES CONFECCOES S.A.,4669
17.193.806/0001-46,CONSORCIO ALFA DE ADMINISTRACAO S.A.,4707
61.022.042/0001-18,CONSTRUTORA ADOLPHO LINDENBERG S.A.,4723
46.014.635/0001-49,CONSTRUTORA LIX DA CUNHA S.A.,4774
42.150.391/0001-70,BRASKEM S.A.,4820
15.101.405/0001-93,CORREA RIBEIRO S.A. COMERCIO E INDUSTRIA,4863
84.683.408/0001-03,DOHLER S.A.,5207
61.585.865/0001-51,RAIA DROGASIL S.A.,5258
88.610.191/0001-54,MUNDIAL S.A. - PRODUTOS DE CONSUMO,5312
82.643.537/0001-34,ELECTRO ACO ALTONA S.A.,5380
84.429.695/0001-11,WEG S.A.,5410
61.092.037/0001-81,ETERNIT S.A. - EM RECUPERAÇÃO JUDICIAL,5762
61.092.037/0001-81,ETERNIT S.A. - Em Recuperação Judicial,5762
56.643.018/0001-66,EUCATEX S.A. INDUSTRIA E COMERCIO,5770
17.159.005/0001-64,FIACAO TEC SAO JOSE S.A.,5983
92.781.335/0001-02,TAURUS ARMAS S.A.,6173
88.610.126/0001-29,FRAS-LE S.A.,6211
84.683.374/0001-49,TUPY S.A.,6343
33.041.260/0652-90,VIA VAREJO S.A.,6505
33.200.049/0001-47,HOTEIS OTHON S.A. - EM RECUPERAÇÃO JUDICIAL,6700
43.185.362/0001-07,IGB ELETRÔNICA S/A,6815
56.720.428/0001-63,INDUSTRIAS ROMI S.A.,7510
82.982.075/0001-80,TEXTIL RENAUXVIEW S.A.,7544
76.627.504/0001-06,INEPAR S.A. INDÚSTRIA E CONSTRUÇÕES -EM RECUPERAÇÃO JUDICIAL,7595
61.532.644/0001-15,ITAUSA INVESTIMENTOS ITAU S.A.,7617
33.035.536/0001-00,JOAO FORTES ENGENHARIA S.A.,7811
91.983.056/0001-69,KEPLER WEBER S.A.,7870
33.014.556/0001-96,LOJAS AMERICANAS S.A.,8087
92.754.738/0001-62,LOJAS RENNER S.A.,8133
92.660.570/0001-26,TREVISA INVESTIMENTOS S.A.,8192
61.065.298/0001-02,MANGELS INDUSTRIAL S.A.,8397
61.082.004/0001-50,MANUFATURA DE BRINQUEDOS ESTRELA S.A.,8427
88.611.835/0001-29,MARCOPOLO S.A.,8451
60.476.884/0001-87,MAHLE-METAL LEVE S.A.,8575
92.690.783/0001-09,METALURGICA GERDAU S.A.,8656
60.543.816/0001-93,JEREISSATI PARTICIPACOES S.A.,8672
16.234.171/0001-15,METANOR SA METANOL DO NE,8745
86.375.425/0001-09,METISA METALURGICA TIMBOENSE S.A.,8753
33.102.476/0001-92,MONTEIRO ARANHA S.A.,8893
61.067.161/0001-97,NADIR FIGUEIREDO IND E COM S.A.,9040
60.651.809/0001-05,SUZANO HOLDING S.A.,9067
92.665.611/0001-77,DIMED S.A. DISTRIBUIDORA DE MEDICAMENTOS,9342
60.398.369/0004-79,PARANAPANEMA S.A.,9393
62.002.886/0001-60,SAO PAULO TURISMO S.A.,9415
33.000.167/0001-01,PETROLEO BRASILEIRO S.A. PETROBRAS,9512
33.412.081/0001-96,REFINARIA DE PETROLEOS MANGUINHOS S.A.,9989
61.079.117/0001-05,ALPARGATAS S.A.,10456
60.500.139/0001-26,SARAIVA LIVREIROS S.A. - EM RECUPERAÇÃO JUDICIAL,10472
33.386.210/0001-19,SONDOTECNICA ENGENHARIA SOLOS S.A.,10880
92.929.520/0001-00,SPRINGER S.A.,10960
33.228.024/0001-51,WLM PART. E COMÉRCIO DE MÁQUINAS E VEÍCULOS S.A.,11070
33.111.246/0001-90,TECNOSOLO ENGENHARIA S.A.,11207
82.636.986/0001-55,TEKA-TECELAGEM KUEHNRICH S.A. - EM RECUPERAÇÃO JUDICIAL,11223
82.636.986/0001-55,TEKA-TECELAGEM KUEHNRICH S.A. - Em Recuperação Judicial,11223
33.467.572/0001-34,TEKNO S.A. - INDUSTRIA E COMERCIO,11231
00.336.701/0001-04,TELEC BRASILEIRAS S.A. TELEBRAS,11258
76.535.764/0001-43,OI S.A. - EM RECUPERAÇÃO JUDICIAL,11312
76.535.764/0001-43,OI S.A. - Em Recuperação Judicial,11312
15.115.504/0001-24,TRONOX PIGMENTOS DO BRASIL S.A.,11398
15.115.504/0001-24,TRONOX PIGMENTOS DO BRASIL S/A,11398
33.958.695/0001-78,UNIPAR CARBOCLORO S.A.,11592
50.926.955/0001-42,VULCABRAS/AZALEIA S.A.,11762
25.329.319/0001-96,WEMBLEY SOCIEDADE ANÔNIMA,11800
61.156.113/0001-75,IOCHPE MAXION S.A.,11932
61.351.532/0001-68,AZEVEDO E TRAVASSOS S.A.,11975
84.683.671/0001-94,WETZEL S.A. - EM RECUPERAÇÃO JUDICIAL,11991
50.564.053/0001-03,BOMBRIL S.A.,12190
53.790.218/0001-53,JPSP INVESTIMENTOS E PARTICIPAÇÕES S/A,12262
60.637.238/0001-54,INDUSTRIAS J B DUARTE S.A.,12319
54.526.082/0001-31,ITAUTEC S.A. - GRUPO ITAUTEC,12530
91.333.666/0001-17,RECRUSUL S.A.,12572
89.637.490/0001-45,KLABIN S.A.,12653
14.807.945/0001-24,SANSUY S.A. INDUSTRIA DE PLASTICOS,12696
60.643.228/0001-21,FIBRIA CELULOSE S.A.,12793
61.156.931/0001-78,SIDERURGICA J. L. ALIPERTI S.A.,12823
89.723.993/0001-33,CONSTRUTORA SULTEPA S.A.,13030
87.456.562/0001-22,JOSAPAR-JOAQUIM OLIVEIRA S.A. - PARTICIP,13285
30.540.991/0001-66,HAGA S.A. INDUSTRIA E COMERCIO,13366
91.820.068/0001-72,ÉVORA SA,13412
85.778.074/0001-06,METALURGICA RIOSULENSE S.A.,13439
51.928.174/0001-50,PLASCAR PARTICIPACOES INDUSTRIAIS S.A.,13471
90.076.886/0001-40,MINUPAR PARTICIPACOES S.A.,13765
83.475.913/0001-91,PBG S/A,13773
29.780.061/0001-09,SAO CARLOS EMPREEND E PARTICIPACOES S.A.,13781
16.404.287/0001-55,SUZANO S.A.,13986
89.086.144/0001-16,RANDON S.A. IMPLEMENTOS E PARTICIPACOES,14109
22.770.366/0001-82,TEC TOY S.A.,14133
00.000.208/0001-00,BRB BCO DE BRASILIA S.A.,14206
76.483.817/0001-20,CIA PARANAENSE DE ENERGIA - COPEL,14311
60.894.730/0001-05,USINAS SID DE MINAS GERAIS S.A.-USIMINAS,14320
59.105.999/0001-86,WHIRLPOOL S.A.,14346
00.070.698/0001-11,CIA ENERGETICA DE BRASILIA,14451
73.178.600/0001-18,CYRELA BRAZIL REALTY S.A.EMPREEND E PART,14460
84.693.183/0001-68,SCHULZ S.A.,14664
78.876.950/0001-71,CIA HERING,14761
47.508.411/0001-56,CIA BRASILEIRA DE DISTRIBUICAO,14826
00.354.053/0001-00,KOSMOS COMÉRCIO DE VESTUÁRIO S/A - EM RECUPERAÇÃO JUDICIAL,15083
00.743.065/0001-27,LITEL PARTICIPACOES S.A.,15091
00.864.214/0001-06,ENERGISA S.A.,15253
00.924.429/0001-75,FERROVIA CENTRO-ATLANTICA S.A.,15369
00.359.742/0001-08,ATOM EMPREENDIMENTOS E PARTICIPAÇÕES S.A.,15423
42.331.462/0001-31,BATTISTELLA ADM PARTICIPACOES S.A.,15458
01.083.200/0001-18,NEOENERGIA S.A.,15539
00.994.533/0001-36,COMERCIAL QUINTELLA COM EXP SA EM LIQUIDAÇÃO,15652
01.545.826/0001-07,GAFISA S.A.,16101
01.608.571/0001-76,BELAPART SA,16233
01.838.723/0001-27,BRF S.A.,16292
61.065.751/0001-80,ROSSI RESIDENCIAL S.A.,16306
01.957.772/0001-89,SUL 116 PARTICIPACOES S.A.,16438
01.971.614/0001-83,EMPRESA NAC COM REDITO PART S.A.ENCORPAR,16497
02.193.750/0001-52,GPC PARTICIPACOES S.A.,16632
02.149.205/0001-69,PORTO SEGURO S.A.,16659
02.302.101/0001-42,EMAE - EMPRESA METROP.AGUAS ENERGIA S.A.,16993
02.474.103/0001-19,ENGIE BRASIL ENERGIA S.A.,17329
02.476.710/0001-18,TELINVEST S.A.,17418
02.387.241/0001-60,RUMO S.A.,17450
02.591.787/0001-39,CAPITALPART PARTICIPAÇÕES SA,17493
02.604.860/0001-60,INNCORP S.A.,17558
02.558.115/0001-21,TIM PARTICIPACOES S.A.,17639
02.558.157/0001-62,TELEFÔNICA BRASIL S.A,17671
02.762.121/0001-04,SANTOS BRASIL PARTICIPACOES S.A.,17892
02.762.115/0001-49,MMX MINERACAO E METALICOS S.A.,17914
02.762.113/0001-50,BRAZILIAN FINANCE E REAL ESTATE S.A.,17922
02.800.026/0001-40,COGNA EDUCAÇÃO S.A.,17973
02.105.040/0001-23,CIBRASEC - COMPANHIA BRASILEIRA DE SECURITIZACAO,18287
02.998.609/0001-27,AES TIETE SA,18350
02.998.301/0001-81,RIO PARANAPANEMA ENERGIA S.A.,18368
02.998.611/0001-04,CTEEP - CIA TRANSMISSÃO ENERGIA ELÉTRICA PAULISTA,18376
02.365.069/0001-44,IDEIASNET S.A.,18414
33.256.439/0001-39,ULTRAPAR PARTICIPACOES S.A.,18465
02.429.144/0001-93,CPFL ENERGIA S.A.,18660
02.107.946/0001-87,TELEMAR PARTICIPAÇÕES SA,18678
01.938.783/0001-11,CIA PARTICIPACOES ALIANCA DA BAHIA,18708
03.847.461/0001-92,BRADESPAR S.A.,18724
03.758.318/0001-24,INVESTIMENTOS E PARTICIP. EM INFRA S.A. - INVEPAR,18775
02.846.056/0001-97,CCR S.A.,18821
03.953.509/0001-47,CPFL GERACAO DE ENERGIA S.A.,18953
04.128.563/0001-10,AES TIETE ENERGIA SA,18970
04.031.960/0001-70,ANDRADE GUTIERREZ PARTICIPACOES S.A.,19062
04.032.433/0001-80,LIQ PARTICIPAÇÕES S.A.,19100
04.752.991/0001-10,BIOMM S.A.,19305
01.917.705/0001-30,AES ELPA S.A.,19313
03.014.553/0001-91,TPI - TRIUNFO PARTICIP. E INVEST. S.A.,19330
60.872.504/0001-23,ITAU UNIBANCO HOLDING S.A.,19348
03.601.314/0001-38,ANDRADE GUTIERREZ CONCESSOES S.A.,19437
17.281.106/0001-03,CIA SANEAMENTO DE MINAS GERAIS-COPASA MG,19445
04.149.454/0001-80,ECORODOVIAS INFRAESTRUTURA E LOGÍSTICA S.A.,19453
71.673.990/0001-77,NATURA COSMETICOS S.A.,19550
06.164.253/0001-87,GOL LINHAS AEREAS INTELIGENTES S.A.,19569
89.850.341/0001-60,GRENDENE S.A.,19615
61.486.650/0001-83,DIAGNOSTICOS DA AMERICA S.A.,19623
86.550.951/0001-50,POMIFRUTAS S/A,19658
16.670.085/0001-55,LOCALIZA RENT A CAR S.A.,19739
03.983.431/0001-03,EDP - ENERGIAS DO BRASIL S.A.,19763
02.919.555/0001-67,ARTERIS S.A.,19771
50.746.577/0001-15,COSAN S.A. INDUSTRIA E COMERCIO,19836
03.378.521/0001-75,LIGHT S.A.,19879
06.977.745/0001-91,BR MALLS PARTICIPACOES S.A.,19909
06.977.739/0001-34,TEMPO PARTICIPAÇOES S/A,19917
06.977.751/0001-49,BR PROPERTIES S.A.,19925
53.113.791/0001-22,TOTVS S.A.,19992
03.220.438/0001-73,EQUATORIAL ENERGIA S.A.,20010
33.113.309/0001-47,VALID SOLUÇÕES S.A.,20028
89.463.822/0001-12,LUPATECH S.A.,20060
07.689.002/0001-89,EMBRAER S.A.,20087
58.119.199/0001-51,ODONTOPREV S.A.,20125
82.641.325/0001-18,CREMER SA,20141
07.950.674/0001-04,CCX CARVÃO DA COLÔMBIA S.A.,20184
07.859.971/0001-30,TRANSMISSORA ALIANÇA DE ENERGIA ELÉTRICA S.A.,20257
07.700.557/0001-84,BROOKFIELD INCORPORAÇÕES S.A.,20265
06.981.176/0001-58,CEMIG GERACAO E TRANSMISSAO S.A.,20320
07.206.816/0001-15,M.DIAS BRANCO S.A. IND COM DE ALIMENTOS,20338
45.453.214/0001-51,PROFARMA DISTRIB PROD FARMACEUTICOS S.A.,20346
05.799.312/0001-20,TERRA SANTA AGRO S.A.,20354
81.243.735/0001-48,POSITIVO TECNOLOGIA S.A.,20362
08.078.847/0001-09,LPS BRASIL - CONSULTORIA DE IMOVEIS S.A.,20370
08.065.557/0001-12,TECNISA S.A.,20435
67.010.660/0001-24,RNI NEGÓCIOS IMOBILIÁRIOS S.A.,20451
02.950.811/0001-89,PDG REALTY S.A. EMPREEND E PARTICIPACOES,20478
51.218.147/0001-93,IGUATEMI EMPRESA DE SHOPPING CENTERS S.A,20494
43.470.988/0001-65,EVEN CONSTRUTORA E INCORPORADORA S.A.,20524
90.400.888/0001-42,BCO SANTANDER (BRASIL) S.A.,20532
08.439.659/0001-50,CPFL ENERGIAS RENOVÁVEIS S.A.,20540
62.144.175/0001-20,BCO PINE S.A.,20567
02.916.265/0001-60,JBS S.A.,20575
08.294.224/0001-65,JHSF PARTICIPACOES S.A.,20605
04.821.041/0001-08,METALFRIO SOLUTIONS S.A.,20613
07.820.907/0001-46,CR2 EMPREENDIMENTOS IMOBILIARIOS S.A.,20630
82.373.077/0001-71,BEMATECH IND COM EQUIP ELETRONICOS SA,20656
60.889.128/0001-80,BANCO SOFISA SA,20680
67.571.414/0001-41,VIVER INCORP. E CONSTRUTORA S.A.- EM RECUPERAÇÃO JUDICIAL,20702
67.571.414/0001-41,VIVER INCORP. E CONSTRUTORA S.A.- Em Recuperação Judicial,20702
42.278.291/0001-24,LOG-IN LOGISTICA INTERMODAL S.A.,20710
89.096.457/0001-55,SLC AGRICOLA S.A.,20745
08.312.229/0001-73,EZ TEC EMPREEND. E PARTICIPACOES S.A.,20770
03.853.896/0001-40,MARFRIG GLOBAL FOODS S.A.,20788
62.232.889/0001-90,BCO DAYCOVAL S.A.,20796
02.351.144/0001-18,TEGMA GESTAO LOGISTICA S.A.,20800
08.769.451/0001-08,ISEC SECURITIZADORA S.A.,20818
08.684.547/0001-65,MAGNESITA REFRATARIOS S.A.,20842
08.648.295/0001-19,ALLIS PARTICIPAÇÕES S.A.,20850
49.263.189/0001-02,HELBOR EMPREENDIMENTOS S.A.,20877
61.024.352/0001-71,BCO INDUSVAL S.A.,20885
08.723.106/0001-25,BHG S.A. - BRAZIL HOSPITALITY GROUP,20907
08.343.492/0001-20,MRV ENGENHARIA E PARTICIPACOES S.A.,20915
67.620.377/0001-14,MINERVA S.A.,20931
28.195.667/0001-06,BCO ABC BRASIL S.A.,20958
07.718.269/0001-57,SPRINGS GLOBAL PARTICIPACOES S.A.,20966
76.500.180/0001-32,COMPANHIA PROVIDENCIA IND E COMERCIO,20974
07.816.890/0001-53,MULTIPLAN - EMPREEND IMOBILIARIOS S.A.,20982
00.776.574/0001-56,B2W - COMPANHIA DIGITAL,20990
08.764.621/0001-53,GENERAL SHOPPING E OUTLETS DO BRASIL S.A.,21008
08.807.432/0001-10,ESTACIO PARTICIPACOES S.A.,21016
71.208.516/0001-74,ALGAR TELECOM S/A,21032
08.801.621/0001-86,CYRELA COMMERCIAL PROPERT S.A. EMPR PART,21040
12.049.631/0001-84,MOURA DUBEUX ENGENHARIA S/A,21067
97.837.181/0001-47,DURATEX S.A.,21091
29.978.814/0001-87,SUL AMERICA S.A.,21121
08.811.643/0001-27,TRISUL S.A.,21130
71.476.527/0001-35,CONSTRUTORA TENDA S.A.,21148
14.998.371/0001-19,J. MACEDO S.A.,21156
08.613.550/0001-98,BRASIL BROKERS PARTICIPACOES S.A.,21180
59.285.411/0001-13,BCO PAN S.A.,21199
32.681.371/0001-72,VIX LOGÍSTICA S/A,21202
04.423.567/0001-21,ENEVA S.A,21237
06.082.980/0001-03,ALIANSCE SHOPPING CENTERS S.A.,21300
51.128.999/0001-90,NUTRIPLANT INDUSTRIA E COMERCIO S.A.,21334
09.112.685/0001-32,OSX BRASIL S.A.,21342
16.614.075/0001-00,DIRECIONAL ENGENHARIA S.A.,21350
31.895.683/0001-16,BANCO INDUSTRIAL DO BRASIL,21377
08.560.444/0001-93,CIA CELG DE PARTICIPACOES - CELGPAR,21393
02.932.074/0001-91,HYPERA S.A.,21431
49.669.856/0001-43,RESTOQUE COMÉRCIO E CONFECÇÕES DE ROUPAS S.A.,21440
62.307.848/0001-15,BANCO RCI BRASIL S.A.,21466
08.741.499/0001-08,PRUMO LOGISTICA SA,21482
08.364.948/0001-38,ALUPAR INVESTIMENTO S/A,21490
08.935.054/0001-50,MULTINER S/A,21520
04.437.534/0001-30,UNIDAS S.A.,21555
09.462.140/0001-56,BASEL PARTICIPAÇÕES S/A,21601
09.346.601/0001-25,"B3 S.A. - BRASIL, BOLSA, BALCÃO",21610
08.534.605/0001-74,RENOVA ENERGIA S.A. - EM RECUPERAÇÃO JUDICIAL,21636
09.601.322/0001-60,CTX PARTICIPAÇÕES S/A,21652
05.341.549/0001-63,TARPON INVESTIMENTOS S.A.,21717
10.345.009/0001-98,ADVANCED DIGITAL HEALTH MEDICINA PREVENTIVA S.A.,21725
01.027.058/0001-91,CIELO S.A.,21733
09.358.105/0001-91,CETIP S.A. - BALCÃO ORGANIZADO DE ATIVOS E DERIVATIVOS,21792
60.840.055/0001-31,FLEURY S.A.,21881
08.873.873/0001-10,ECORODOVIAS CONCESSÕES E SERVIÇOS S.A.,21903
27.093.558/0001-15,MILLS ESTRUTURAS E SERVIÇOS DE ENGENHARIA S.A.,22012
52.548.435/0001-79,JSL S.A.,22020
61.189.288/0001-89,MARISA LOJAS S.A.,22055
12.126.500/0001-53,REDENTOR ENERGIA S/A,22128
10.324.624/0001-18,CONCESSÃO METROVIÁRIA DO RIO DE JANEIRO S.A.,22144
10.629.105/0001-68,PETRO RIO S.A.,22187
11.721.921/0001-60,ALPER CONSULTORIA E CORRETORA DE SEGUROS S.A.,22217
11.721.921/0001-60,Alper Consultoria e Corretora de Seguros S.A.,22217
08.281.683/0001-04,RJ Capital Partners S.A.,22330
16.590.234/0001-76,AREZZO INDÚSTRIA E COMÉRCIO S.A.,22349
05.878.397/0001-32,ALIANSCE SONAE SHOPPING CENTERS S.A.,22357
11.669.021/0001-10,ENAUTA PARTICIPAÇÕES S.A.,22365
22.164.990/0001-36,ELETROSOM S/A,22373
02.860.694/0001-62,T4F ENTRETENIMENTO S.A.,22454
47.960.950/0001-21,MAGAZINE LUIZA S.A.,22470
11.992.680/0001-93,QUALICORP CONSULTORIA E CORRETORA DE SEGUROS S.A.,22497
11.395.624/0001-71,BRASIL PHARMA S.A. - EM RECUPERAÇÃO JUDICIAL,22500
09.295.063/0001-97,TECHNOS S.A.,22519
02.541.982/0001-54,SOMOS EDUCAÇÃO S.A.,22551
09.054.385/0001-44,INBRANDS S.A.,22560
13.444.994/0001-87,MLOG S.A.,22586
00.622.416/0001-41,STATKRAFT ENERGIAS RENOVAVEIS S.A.,22594
30.306.294/0001-45,BCO BTG PACTUAL S.A.,22616
14.200.586/0001-42,NAOMI PARTICIPAÇÕES S.A.,22667
12.648.327/0001-53,HIDROVIAS DO BRASIL S.A.,22675
10.215.988/0001-60,CIA LOCAÇÃO DAS AMÉRICAS,22691
13.324.184/0001-97,VIGOR ALIMENTOS S.A.,22772
90.441.460/0001-48,UNICASA INDÚSTRIA DE MÓVEIS S.A.,22780
04.065.791/0001-99,SINQIA S.A.,22799
04.065.791/0001-99,Sinqia S.A.,22799
07.401.436/0001-31,ELDORADO BRASIL CELULOSE S.A.,22810
33.039.223/0001-11,CIMENTO TUPI S.A.,22829
19.296.342/0001-29,MGI - MINAS GERAIS PARTICIPAÇÕES S.A.,22942
15.914.972/0001-69,AR CAPITAL SECURITIES COMPANHIA SECURITIZADORA S.A.,22950
61.784.278/0001-91,COMPANHIA DE CRÉDITO FINANCIAMENTO E INVESTIMENTO RCI BRASIL,22993
01.917.818/0001-36,LIGHT ENERGIA S.A.,23000
06.948.969/0001-75,LINX S.A.,23035
16.103.773/0001-33,FINPAR PARTICIPAÇÕES S/A,23116
15.912.764/0001-20,SMILES S.A.,23140
17.344.597/0001-94,BB SEGURIDADE PARTICIPAÇÕES S.A.,23159
08.159.965/0001-33,IGUA SANEAMENTO S.A.,23175
04.986.320/0001-13,SER EDUCACIONAL S.A.,23221
09.288.252/0001-32,ANIMA HOLDING S.A.,23248
07.526.557/0001-00,AMBEV S.A.,23264
09.041.168/0001-10,LOG COMMERCIAL PROPERTIES E PARTICIPAÇÕES,23272
75.609.123/0001-23,OURO VERDE LOCACAO E SERVICO S.A.,23280
35.791.391/0001-94,QUALITY SOFTWARE S.A.,23302
10.760.260/0001-19,CVC BRASIL OPERADORA E AGÊNCIA DE VIAGENS S.A.,23310
08.827.501/0001-58,AEGEA SANEAMENTO E PARTICIPAÇÕES S.A.,23396
09.149.503/0001-06,OMEGA GERAÇÃO S.A.,23426
02.373.517/0001-51,LIBRA TERMINAL RIO S.A.,23434
71.550.388/0001-42,RUMO LOGÍSTICA OPERADORA MULTIMODAL S.A.,23450
17.346.997/0001-39,COSAN LOGISTICA S.A.,23485
08.926.302/0001-05,DOMMO ENERGIA S.A.,23493
20.258.278/0001-70,OURO FINO SAUDE ANIMAL PARTICIPACOES S.A.,23507
07.043.628/0001-13,CLARO TELECOM PARTICIPAÇÕES S.A.,23531
17.314.329/0001-20,INTERNATIONAL MEAL COMPANY ALIMENTACAO S.A.,23574
42.278.473/0001-03,WIZ SOLUÇÕES E CORRETAGEM DE SEGUROS S.A.,23590
11.284.204/0001-18,YOU INC INCORPORADORA E PARTICIPAÇÃO S.A,23604
08.795.211/0001-70,MAESTRO LOCADORA DE VEICULOS S.A.,23612
14.882.295/0001-81,OCEANA OFFSHORE S.A.,23620
11.102.250/0001-59,BR HOME CENTERS S.A.,23710
10.747.021/0001-29,PRÁTICA PARTICIPAÇÕES S/A,23728
03.870.455/0005-80,FORNO DE MINAS ALIMENTOS S.A.,23736
10.603.674/0001-34,BS&C EMPREENDIMENTOS E PARTICIPAÇÕES S.A.,23779
22.543.331/0001-00,CAIXA SEGURIDADE PARTICIPAÇÕES S.A.,23795
36.542.025/0001-64,BRQ SOLUCOES EM INFORMATICA S.A.,23817
21.314.559/0001-66,MOVIDA PARTICIPACOES SA,23825
18.572.225/0001-88,CONCEBRA - CONCESSIONARIA DAS RODOVIAS CENTRAIS DO BRASIL SA,23868
08.773.191/0001-36,BRASILIANA PARTICIPAÇÕES S/A,23930
13.584.310/0001-42,SUGOI S.A.,23957
07.437.016/0001-05,CINESYSTEM S.A.,23965
42.771.949/0001-35,CENTRO DE IMAGEM DIAGNOSTICOS S.A.,24058
19.378.769/0001-76,INSTITUTO HERMES PARDINI S.A.,24090
09.305.994/0001-29,AZUL S.A.,24112
24.624.551/0001-94,ARGO ENERGIA EMPREENDIMENTOS E PARTICIPAÇÕES S/A,24120
75.315.333/0001-09,ATACADÃO S.A.,24171
33.376.989/0001-91,IRB - BRASIL RESSEGUROS S.A.,24180
91.495.499/0001-00,STARA S.A. - INDÚSTRIA DE IMPLEMENTOS AGRÍCOLAS,24201
18.593.815/0001-97,PRINER SERVIÇOS INDUSTRIAIS S.A.,24236
05.730.375/0001-20,SMILES FIDELIDADE S.A.,24252
07.594.978/0001-78,SMARTFIT ESCOLA DE GINÁSTICA E DANÇA S.A.,24260
09.611.768/0001-76,INTER CONSTRUTORA E INCORPORADORA S.A.,24279
34.274.233/0001-02,PETROBRAS DISTRIBUIDORA S/A,24295
24.241.659/0001-06,VENTURE CAPITAL PARTICIPAÇÕES E INVESTIMENTOS S/A,24309
13.574.594/0001-96,BK BRASIL OPERAÇÃO E ASSESSORIA A RESTAURANTES SA,24317
10.851.805/0001-00,FLEX GESTÃO DE RELACIONAMENTOS S.A.,24350
19.853.511/0001-84,Notre Dame Intermédica Participações S.A.,24384
19.853.511/0001-84,NOTRE DAME INTERMÉDICA PARTICIPAÇÕES S.A.,24384
05.197.443/0001-38,HAPVIDA PARTICIPAÇÕES E INVESTIMENTOS S.A.,24392
00.416.968/0001-01,BANCO INTER S.A.,24406
01.287.588/0001-79,DASS NORDESTE CALÇADOS E ARTIGOS ESPORTIVOS S.A,24414
07.859.510/0001-68,JHSF MALLS S.A.,24473
03.818.379/0001-30,SABER SERVIÇOS EDUCACIONAIS S.A.,24490
03.818.379/0001-30,Saber Serviços Educacionais S.A.,24490
08.574.411/0001-00,PRÁTICA KLIMAQUIP INDÚSTRIA E COMÉRCIO S.A.,24546
28.201.130/0001-01,Energisa Transmissão de Energia S/A,24589
28.201.130/0001-01,ENERGISA TRANSMISSÃO DE ENERGIA S/A,24589
31.001.230/0001-07,CELEO REDES TRANSMISSÃO DE ENERGIA S.A.,24597
61.186.680/0001-74,BANCO BMG S/A,24600
58.430.828/0001-60,Blau Farmacêutica S.A.,24627
58.430.828/0001-60,BLAU FARMACÊUTICA S.A.,24627
01.107.327/0001-20,BBM LOGÍSTICA S.A.,24660
01.107.327/0001-20,BBM Logística S.A.,24660
13.217.485/0001-11,Grupo SBF S.A.,24694
13.217.485/0001-11,GRUPO SBF S.A.,24694
23.373.000/0001-32,"VAMOS LOCAÇÃO DE CAMINHÕES, MÁQUINAS E EQUIPAMENTOS S.A.",24716
04.370.282/0001-70,COPEL GERAÇÃO E TRANSMISSÃO S.A.,24740
19.276.528/0001-16,BCBF Participações S.A.,24775
19.276.528/0001-16,BCBF PARTICIPAÇÕES S.A.,24775
32.785.497/0001-97,NATURA &CO HOLDING S.A.,24783
33.839.910/0001-11,VIVARA PARTICIPAÇÕES S.A.,24805
02.286.479/0001-08,Localiza Fleet S.A.,24813
02.286.479/0001-08,LOCALIZA FLEET S.A.,24813
06.047.087/0001-39,Rede D'Or São Luiz S.A.,24821
06.047.087/0001-39,REDE D'OR SÃO LUIZ S.A.,24821
24.396.489/0001-20,BRK AMBIENTAL PARTICIPAÇÕES S.A.,24830
45.242.914/0001-05,C&A Modas S.A.,24848
45.242.914/0001-05,C&A MODAS S.A.,24848
34.591.574/0001-01,UP ENGENHARIA E URBANISMO S.A.,24856
02.357.251/0001-53,LIFEMED INDUSTRIAL DE EQUIP. E ART. MEDICOS E HOSP. S.A,24872
07.857.850/0001-50,"GP INVESTMENTS, LTD.",80020
05.721.735/0001-28,WILSON SONS LTD.,80047
08.884.213/0001-35,BCO PATAGONIA S.A.,80063
08.887.330/0001-52,COSAN LIMITED,80071
05.711.813/0001-03,SOLVAY INDUPA SAIC,80101
11.423.623/0001-93,DUFRY A.G.,80110
33.937.681/0001-78,LATAM AIRLINES GROUP S.A.,80128
14.212.464/0001-76,TGLT S/A,80136
15.073.274/0001-88,PPLA PARTICIPATIONS LTD.,80152
05.707.616/0001-10,BANCO SANTANDER S.A.,80160
19.688.956/0001-56,BIOTOSCANA INVESTMENTS S.A.,80179
